timestamp,open,high,low,close,volume,oi,instrument_key,strike_price,instrument_type,expiry_date,datetime
2025-10-14T15:25:00+05:30,4.45,4.7,3.1,4.4,54028950,16944450,NSE_FO|42686|14-10-2025,25150,PE,2025-10-14,2025-10-14 15:25:00+05:30
2025-10-14T15:20:00+05:30,2.6,4.8,1.45,4.45,101367825,26192925,NSE_FO|42686|14-10-2025,25150,PE,2025-10-14,2025-10-14 15:20:00+05:30
2025-10-14T15:15:00+05:30,3.75,6.0,0.45,2.6,205736400,32031000,NSE_FO|42686|14-10-2025,25150,PE,2025-10-14,2025-10-14 15:15:00+05:30
2025-10-14T15:10:00+05:30,1.2,8.0,1.15,3.75,188389875,33472950,NSE_FO|42686|14-10-2025,25150,PE,2025-10-14,2025-10-14 15:10:00+05:30
2025-10-14T15:05:00+05:30,1.9,2.95,0.6,1.15,242831250,39294300,NSE_FO|42686|14-10-2025,25150,PE,2025-10-14,2025-10-14 15:05:00+05:30
2025-10-14T15:00:00+05:30,1.9,2.95,0.6,1.85,206460600,47077800,NSE_FO|42686|14-10-2025,25150,PE,2025-10-14,2025-10-14 15:00:00+05:30
2025-10-14T14:55:00+05:30,2.95,3.7,1.55,1.95,142905300,41205975,NSE_FO|42686|14-10-2025,25150,PE,2025-10-14,2025-10-14 14:55:00+05:30
2025-10-14T14:50:00+05:30,7.8,10.35,2.3,2.95,124004925,39573600,NSE_FO|42686|14-10-2025,25150,PE,2025-10-14,2025-10-14 14:50:00+05:30
2025-10-14T14:45:00+05:30,7.3,18.9,4.75,7.75,159000600,31284150,NSE_FO|42686|14-10-2025,25150,PE,2025-10-14,2025-10-14 14:45:00+05:30
2025-10-14T14:40:00+05:30,7.15,9.6,5.5,7.35,84336600,36671775,NSE_FO|42686|14-10-2025,25150,PE,2025-10-14,2025-10-14 14:40:00+05:30
2025-10-14T14:35:00+05:30,9.45,10.25,5.1,7.1,96359550,34923225,NSE_FO|42686|14-10-2025,25150,PE,2025-10-14,2025-10-14 14:35:00+05:30
2025-10-14T14:30:00+05:30,20.8,20.9,7.75,9.4,76688325,29276325,NSE_FO|42686|14-10-2025,25150,PE,2025-10-14,2025-10-14 14:30:00+05:30
2025-10-14T14:25:00+05:30,24.95,29.15,16.8,20.8,51917325,19668450,NSE_FO|42686|14-10-2025,25150,PE,2025-10-14,2025-10-14 14:25:00+05:30
2025-10-14T14:20:00+05:30,43.7,56.5,24.45,25.05,32053800,15318225,NSE_FO|42686|14-10-2025,25150,PE,2025-10-14,2025-10-14 14:20:00+05:30
2025-10-14T14:15:00+05:30,39.0,49.2,32.8,43.7,26464725,13031700,NSE_FO|42686|14-10-2025,25150,PE,2025-10-14,2025-10-14 14:15:00+05:30
2025-10-14T14:10:00+05:30,32.6,54.75,32.15,39.05,31417275,12231525,NSE_FO|42686|14-10-2025,25150,PE,2025-10-14,2025-10-14 14:10:00+05:30
2025-10-14T14:05:00+05:30,30.15,36.9,26.8,32.65,22849800,14158650,NSE_FO|42686|14-10-2025,25150,PE,2025-10-14,2025-10-14 14:05:00+05:30
2025-10-14T14:00:00+05:30,43.55,46.85,30.0,30.15,23569200,12720225,NSE_FO|42686|14-10-2025,25150,PE,2025-10-14,2025-10-14 14:00:00+05:30
2025-10-14T13:55:00+05:30,56.45,59.95,42.0,43.6,14716650,11180925,NSE_FO|42686|14-10-2025,25150,PE,2025-10-14,2025-10-14 13:55:00+05:30
2025-10-14T13:50:00+05:30,45.95,58.8,42.55,56.3,13698900,10759350,NSE_FO|42686|14-10-2025,25150,PE,2025-10-14,2025-10-14 13:50:00+05:30
2025-10-14T13:45:00+05:30,47.75,58.7,40.05,46.0,20763900,10537800,NSE_FO|42686|14-10-2025,25150,PE,2025-10-14,2025-10-14 13:45:00+05:30
2025-10-14T13:40:00+05:30,53.1,55.9,37.0,47.75,18324750,10803975,NSE_FO|42686|14-10-2025,25150,PE,2025-10-14,2025-10-14 13:40:00+05:30
2025-10-14T13:35:00+05:30,52.0,58.8,43.65,53.05,20875800,9847050,NSE_FO|42686|14-10-2025,25150,PE,2025-10-14,2025-10-14 13:35:00+05:30
2025-10-14T13:30:00+05:30,67.65,69.6,48.1,52.2,14345100,8494425,NSE_FO|42686|14-10-2025,25150,PE,2025-10-14,2025-10-14 13:30:00+05:30
2025-10-14T13:25:00+05:30,77.1,81.2,66.0,67.65,5111400,7266300,NSE_FO|42686|14-10-2025,25150,PE,2025-10-14,2025-10-14 13:25:00+05:30
2025-10-14T13:20:00+05:30,88.0,91.3,73.2,77.75,5032200,7094850,NSE_FO|42686|14-10-2025,25150,PE,2025-10-14,2025-10-14 13:20:00+05:30
2025-10-14T13:15:00+05:30,84.7,93.1,82.1,87.8,4226775,6802875,NSE_FO|42686|14-10-2025,25150,PE,2025-10-14,2025-10-14 13:15:00+05:30
2025-10-14T13:10:00+05:30,90.45,100.0,81.55,84.75,9335700,7496400,NSE_FO|42686|14-10-2025,25150,PE,2025-10-14,2025-10-14 13:10:00+05:30
2025-10-14T13:05:00+05:30,80.0,104.8,69.2,90.5,10264200,7982925,NSE_FO|42686|14-10-2025,25150,PE,2025-10-14,2025-10-14 13:05:00+05:30
2025-10-14T13:00:00+05:30,75.6,88.15,69.25,80.4,9556275,7744575,NSE_FO|42686|14-10-2025,25150,PE,2025-10-14,2025-10-14 13:00:00+05:30
2025-10-14T12:55:00+05:30,78.3,82.4,67.6,75.55,6976725,7981725,NSE_FO|42686|14-10-2025,25150,PE,2025-10-14,2025-10-14 12:55:00+05:30
2025-10-14T12:50:00+05:30,80.9,86.0,73.1,78.65,5018250,7948575,NSE_FO|42686|14-10-2025,25150,PE,2025-10-14,2025-10-14 12:50:00+05:30
2025-10-14T12:45:00+05:30,89.95,92.9,77.45,80.95,6555150,7937775,NSE_FO|42686|14-10-2025,25150,PE,2025-10-14,2025-10-14 12:45:00+05:30
2025-10-14T12:40:00+05:30,92.2,101.0,79.7,89.7,14848575,8191875,NSE_FO|42686|14-10-2025,25150,PE,2025-10-14,2025-10-14 12:40:00+05:30
2025-10-14T12:35:00+05:30,69.7,96.3,65.8,92.1,13643925,8310825,NSE_FO|42686|14-10-2025,25150,PE,2025-10-14,2025-10-14 12:35:00+05:30
2025-10-14T12:30:00+05:30,79.25,80.0,67.45,69.95,12159525,9973350,NSE_FO|42686|14-10-2025,25150,PE,2025-10-14,2025-10-14 12:30:00+05:30
2025-10-14T12:25:00+05:30,52.1,81.0,51.75,79.1,20455125,12463800,NSE_FO|42686|14-10-2025,25150,PE,2025-10-14,2025-10-14 12:25:00+05:30
2025-10-14T12:20:00+05:30,58.2,65.7,50.6,52.25,11928375,13100475,NSE_FO|42686|14-10-2025,25150,PE,2025-10-14,2025-10-14 12:20:00+05:30
2025-10-14T12:15:00+05:30,63.05,69.45,53.95,58.2,12835200,12682650,NSE_FO|42686|14-10-2025,25150,PE,2025-10-14,2025-10-14 12:15:00+05:30
2025-10-14T12:10:00+05:30,61.7,72.75,58.0,63.2,21783525,12080925,NSE_FO|42686|14-10-2025,25150,PE,2025-10-14,2025-10-14 12:10:00+05:30
2025-10-14T12:05:00+05:30,42.95,65.8,42.9,61.75,29075325,16386825,NSE_FO|42686|14-10-2025,25150,PE,2025-10-14,2025-10-14 12:05:00+05:30
2025-10-14T12:00:00+05:30,40.35,44.85,35.5,43.0,18007875,15934350,NSE_FO|42686|14-10-2025,25150,PE,2025-10-14,2025-10-14 12:00:00+05:30
2025-10-14T11:55:00+05:30,45.75,48.85,38.4,40.3,18766950,15080625,NSE_FO|42686|14-10-2025,25150,PE,2025-10-14,2025-10-14 11:55:00+05:30
2025-10-14T11:50:00+05:30,51.5,56.3,44.35,45.75,10323750,14858250,NSE_FO|42686|14-10-2025,25150,PE,2025-10-14,2025-10-14 11:50:00+05:30
2025-10-14T11:45:00+05:30,49.0,62.4,46.35,51.5,17037975,14279175,NSE_FO|42686|14-10-2025,25150,PE,2025-10-14,2025-10-14 11:45:00+05:30
2025-10-14T11:40:00+05:30,47.15,52.4,41.3,48.85,16542975,14486625,NSE_FO|42686|14-10-2025,25150,PE,2025-10-14,2025-10-14 11:40:00+05:30
2025-10-14T11:35:00+05:30,56.55,57.75,46.55,47.05,13247325,13420350,NSE_FO|42686|14-10-2025,25150,PE,2025-10-14,2025-10-14 11:35:00+05:30
2025-10-14T11:30:00+05:30,55.85,67.0,54.3,56.65,14907000,13192725,NSE_FO|42686|14-10-2025,25150,PE,2025-10-14,2025-10-14 11:30:00+05:30
2025-10-14T11:25:00+05:30,56.65,70.8,54.3,55.8,23947200,13098975,NSE_FO|42686|14-10-2025,25150,PE,2025-10-14,2025-10-14 11:25:00+05:30
2025-10-14T11:20:00+05:30,52.75,59.5,48.65,56.65,24004725,14774325,NSE_FO|42686|14-10-2025,25150,PE,2025-10-14,2025-10-14 11:20:00+05:30
2025-10-14T11:15:00+05:30,36.45,57.6,36.2,52.7,37120875,14966175,NSE_FO|42686|14-10-2025,25150,PE,2025-10-14,2025-10-14 11:15:00+05:30
2025-10-14T11:10:00+05:30,40.9,47.9,35.0,36.5,28466175,16103250,NSE_FO|42686|14-10-2025,25150,PE,2025-10-14,2025-10-14 11:10:00+05:30
2025-10-14T11:05:00+05:30,25.65,45.0,24.85,40.95,32190600,16279050,NSE_FO|42686|14-10-2025,25150,PE,2025-10-14,2025-10-14 11:05:00+05:30
2025-10-14T11:00:00+05:30,24.9,27.9,23.5,25.65,19097550,18538575,NSE_FO|42686|14-10-2025,25150,PE,2025-10-14,2025-10-14 11:00:00+05:30
2025-10-14T10:55:00+05:30,24.45,26.2,18.05,24.95,14722125,16832850,NSE_FO|42686|14-10-2025,25150,PE,2025-10-14,2025-10-14 10:55:00+05:30
2025-10-14T10:50:00+05:30,22.85,28.0,22.55,24.4,15945075,16963500,NSE_FO|42686|14-10-2025,25150,PE,2025-10-14,2025-10-14 10:50:00+05:30
2025-10-14T10:45:00+05:30,19.95,23.2,14.25,22.85,23704800,16352025,NSE_FO|42686|14-10-2025,25150,PE,2025-10-14,2025-10-14 10:45:00+05:30
2025-10-14T10:40:00+05:30,27.05,29.2,19.9,19.95,19599075,16762125,NSE_FO|42686|14-10-2025,25150,PE,2025-10-14,2025-10-14 10:40:00+05:30
2025-10-14T10:35:00+05:30,24.45,30.75,22.55,27.0,13765725,15759150,NSE_FO|42686|14-10-2025,25150,PE,2025-10-14,2025-10-14 10:35:00+05:30
2025-10-14T10:30:00+05:30,26.85,30.95,24.0,24.4,14699850,15362025,NSE_FO|42686|14-10-2025,25150,PE,2025-10-14,2025-10-14 10:30:00+05:30
2025-10-14T10:25:00+05:30,32.6,34.85,24.95,26.8,17318700,14832750,NSE_FO|42686|14-10-2025,25150,PE,2025-10-14,2025-10-14 10:25:00+05:30
2025-10-14T10:20:00+05:30,39.7,50.0,32.2,32.6,24418950,14975925,NSE_FO|42686|14-10-2025,25150,PE,2025-10-14,2025-10-14 10:20:00+05:30
2025-10-14T10:15:00+05:30,34.65,46.4,31.2,39.7,23937375,13883250,NSE_FO|42686|14-10-2025,25150,PE,2025-10-14,2025-10-14 10:15:00+05:30
2025-10-14T10:10:00+05:30,33.5,37.45,28.6,34.65,18044250,14874000,NSE_FO|42686|14-10-2025,25150,PE,2025-10-14,2025-10-14 10:10:00+05:30
2025-10-14T10:05:00+05:30,34.65,45.0,32.5,33.45,25220475,14742600,NSE_FO|42686|14-10-2025,25150,PE,2025-10-14,2025-10-14 10:05:00+05:30
2025-10-14T10:00:00+05:30,22.25,43.9,17.7,34.7,39816150,12809625,NSE_FO|42686|14-10-2025,25150,PE,2025-10-14,2025-10-14 10:00:00+05:30
2025-10-14T09:55:00+05:30,19.75,24.95,19.35,22.3,18346200,14240400,NSE_FO|42686|14-10-2025,25150,PE,2025-10-14,2025-10-14 09:55:00+05:30
2025-10-14T09:50:00+05:30,17.85,21.9,15.9,19.75,15314550,14164350,NSE_FO|42686|14-10-2025,25150,PE,2025-10-14,2025-10-14 09:50:00+05:30
2025-10-14T09:45:00+05:30,20.0,23.6,14.25,18.0,21025350,13748475,NSE_FO|42686|14-10-2025,25150,PE,2025-10-14,2025-10-14 09:45:00+05:30
2025-10-14T09:40:00+05:30,16.3,21.6,11.45,20.05,22781400,13961850,NSE_FO|42686|14-10-2025,25150,PE,2025-10-14,2025-10-14 09:40:00+05:30
2025-10-14T09:35:00+05:30,9.2,17.25,8.05,16.3,13097475,13920600,NSE_FO|42686|14-10-2025,25150,PE,2025-10-14,2025-10-14 09:35:00+05:30
2025-10-14T09:30:00+05:30,9.1,9.9,8.4,9.25,9521250,13206000,NSE_FO|42686|14-10-2025,25150,PE,2025-10-14,2025-10-14 09:30:00+05:30
2025-10-14T09:25:00+05:30,8.5,11.0,7.85,9.1,8912400,12349875,NSE_FO|42686|14-10-2025,25150,PE,2025-10-14,2025-10-14 09:25:00+05:30
2025-10-14T09:20:00+05:30,10.85,10.95,8.1,8.55,10841925,12024900,NSE_FO|42686|14-10-2025,25150,PE,2025-10-14,2025-10-14 09:20:00+05:30
2025-10-14T09:15:00+05:30,16.95,24.9,10.5,10.9,15960675,10921875,NSE_FO|42686|14-10-2025,25150,PE,2025-10-14,2025-10-14 09:15:00+05:30
2025-10-13T15:25:00+05:30,21.9,22.75,21.45,21.9,6107700,11193825,NSE_FO|42686|14-10-2025,25150,PE,2025-10-14,2025-10-13 15:25:00+05:30
2025-10-13T15:20:00+05:30,22.55,23.2,20.25,21.9,5597475,12246150,NSE_FO|42686|14-10-2025,25150,PE,2025-10-14,2025-10-13 15:20:00+05:30
2025-10-13T15:15:00+05:30,26.8,27.1,21.6,22.55,7799925,12873600,NSE_FO|42686|14-10-2025,25150,PE,2025-10-14,2025-10-13 15:15:00+05:30
2025-10-13T15:10:00+05:30,28.0,28.65,25.8,26.9,5342400,13576200,NSE_FO|42686|14-10-2025,25150,PE,2025-10-14,2025-10-13 15:10:00+05:30
2025-10-13T15:05:00+05:30,29.65,29.9,25.45,27.95,8839425,14104200,NSE_FO|42686|14-10-2025,25150,PE,2025-10-14,2025-10-13 15:05:00+05:30
2025-10-13T15:00:00+05:30,23.0,29.65,22.4,29.55,13135125,14622525,NSE_FO|42686|14-10-2025,25150,PE,2025-10-14,2025-10-13 15:00:00+05:30
2025-10-13T14:55:00+05:30,21.0,23.55,20.7,23.0,3874050,15027375,NSE_FO|42686|14-10-2025,25150,PE,2025-10-14,2025-10-13 14:55:00+05:30
2025-10-13T14:50:00+05:30,23.65,24.35,20.55,21.05,5545200,15225525,NSE_FO|42686|14-10-2025,25150,PE,2025-10-14,2025-10-13 14:50:00+05:30
2025-10-13T14:45:00+05:30,22.2,24.75,21.5,23.7,4425900,15177675,NSE_FO|42686|14-10-2025,25150,PE,2025-10-14,2025-10-13 14:45:00+05:30
2025-10-13T14:40:00+05:30,23.35,25.3,22.05,22.1,8534400,15342225,NSE_FO|42686|14-10-2025,25150,PE,2025-10-14,2025-10-13 14:40:00+05:30
2025-10-13T14:35:00+05:30,22.9,23.6,20.95,23.35,4426650,15191025,NSE_FO|42686|14-10-2025,25150,PE,2025-10-14,2025-10-13 14:35:00+05:30
2025-10-13T14:30:00+05:30,22.6,23.2,20.15,22.8,6413100,15205500,NSE_FO|42686|14-10-2025,25150,PE,2025-10-14,2025-10-13 14:30:00+05:30
2025-10-13T14:25:00+05:30,26.35,26.4,20.7,22.55,14558850,15018450,NSE_FO|42686|14-10-2025,25150,PE,2025-10-14,2025-10-13 14:25:00+05:30
2025-10-13T14:20:00+05:30,32.65,34.25,26.15,26.4,9412350,17109900,NSE_FO|42686|14-10-2025,25150,PE,2025-10-14,2025-10-13 14:20:00+05:30
2025-10-13T14:15:00+05:30,34.3,34.35,32.05,32.65,4573800,17660850,NSE_FO|42686|14-10-2025,25150,PE,2025-10-14,2025-10-13 14:15:00+05:30
2025-10-13T14:10:00+05:30,32.75,35.0,31.5,34.3,4200750,17491875,NSE_FO|42686|14-10-2025,25150,PE,2025-10-14,2025-10-13 14:10:00+05:30
2025-10-13T14:05:00+05:30,34.8,35.65,31.0,32.65,10829400,17491500,NSE_FO|42686|14-10-2025,25150,PE,2025-10-14,2025-10-13 14:05:00+05:30
2025-10-13T14:00:00+05:30,41.65,41.65,34.7,34.8,7849950,16834650,NSE_FO|42686|14-10-2025,25150,PE,2025-10-14,2025-10-13 14:00:00+05:30
2025-10-13T13:55:00+05:30,38.75,43.3,38.25,41.7,6073200,16605300,NSE_FO|42686|14-10-2025,25150,PE,2025-10-14,2025-10-13 13:55:00+05:30
2025-10-13T13:50:00+05:30,38.35,40.7,37.7,38.75,3890475,16615275,NSE_FO|42686|14-10-2025,25150,PE,2025-10-14,2025-10-13 13:50:00+05:30
2025-10-13T13:45:00+05:30,41.05,41.15,37.05,38.35,4710225,16595400,NSE_FO|42686|14-10-2025,25150,PE,2025-10-14,2025-10-13 13:45:00+05:30
2025-10-13T13:40:00+05:30,39.7,41.25,39.25,41.15,2859675,16720725,NSE_FO|42686|14-10-2025,25150,PE,2025-10-14,2025-10-13 13:40:00+05:30
2025-10-13T13:35:00+05:30,38.7,41.5,38.35,39.7,4199250,16867350,NSE_FO|42686|14-10-2025,25150,PE,2025-10-14,2025-10-13 13:35:00+05:30
2025-10-13T13:30:00+05:30,44.75,45.6,35.7,38.6,9329850,17028750,NSE_FO|42686|14-10-2025,25150,PE,2025-10-14,2025-10-13 13:30:00+05:30
2025-10-13T13:25:00+05:30,43.5,45.35,41.35,44.85,4541625,17369850,NSE_FO|42686|14-10-2025,25150,PE,2025-10-14,2025-10-13 13:25:00+05:30
2025-10-13T13:20:00+05:30,42.3,44.5,39.7,43.6,6435525,17891325,NSE_FO|42686|14-10-2025,25150,PE,2025-10-14,2025-10-13 13:20:00+05:30
2025-10-13T13:15:00+05:30,42.0,43.6,40.7,42.3,4755525,17610375,NSE_FO|42686|14-10-2025,25150,PE,2025-10-14,2025-10-13 13:15:00+05:30
2025-10-13T13:10:00+05:30,45.0,45.35,40.5,42.0,5352975,16849275,NSE_FO|42686|14-10-2025,25150,PE,2025-10-14,2025-10-13 13:10:00+05:30
2025-10-13T13:05:00+05:30,45.8,46.85,43.8,45.0,4894950,17042025,NSE_FO|42686|14-10-2025,25150,PE,2025-10-14,2025-10-13 13:05:00+05:30
2025-10-13T13:00:00+05:30,39.95,48.35,39.5,45.85,10083225,17235375,NSE_FO|42686|14-10-2025,25150,PE,2025-10-14,2025-10-13 13:00:00+05:30
2025-10-13T12:55:00+05:30,43.4,44.8,38.85,39.95,6967275,16813425,NSE_FO|42686|14-10-2025,25150,PE,2025-10-14,2025-10-13 12:55:00+05:30
2025-10-13T12:50:00+05:30,47.7,49.6,43.2,43.4,7186575,17125425,NSE_FO|42686|14-10-2025,25150,PE,2025-10-14,2025-10-13 12:50:00+05:30
2025-10-13T12:45:00+05:30,45.4,48.15,40.15,47.6,11046600,16992450,NSE_FO|42686|14-10-2025,25150,PE,2025-10-14,2025-10-13 12:45:00+05:30
2025-10-13T12:40:00+05:30,49.15,49.9,45.3,45.35,4398900,16742925,NSE_FO|42686|14-10-2025,25150,PE,2025-10-14,2025-10-13 12:40:00+05:30
2025-10-13T12:35:00+05:30,50.6,50.9,46.35,49.25,3820125,16604325,NSE_FO|42686|14-10-2025,25150,PE,2025-10-14,2025-10-13 12:35:00+05:30
2025-10-13T12:30:00+05:30,47.0,51.25,45.8,50.55,5584500,16819350,NSE_FO|42686|14-10-2025,25150,PE,2025-10-14,2025-10-13 12:30:00+05:30
2025-10-13T12:25:00+05:30,52.0,52.35,45.55,47.0,5445000,16631250,NSE_FO|42686|14-10-2025,25150,PE,2025-10-14,2025-10-13 12:25:00+05:30
2025-10-13T12:20:00+05:30,51.1,52.2,48.8,51.85,4691475,17139000,NSE_FO|42686|14-10-2025,25150,PE,2025-10-14,2025-10-13 12:20:00+05:30
2025-10-13T12:15:00+05:30,48.1,51.2,47.45,50.95,5020500,17069250,NSE_FO|42686|14-10-2025,25150,PE,2025-10-14,2025-10-13 12:15:00+05:30
2025-10-13T12:10:00+05:30,50.45,51.15,45.3,48.25,6071625,16811925,NSE_FO|42686|14-10-2025,25150,PE,2025-10-14,2025-10-13 12:10:00+05:30
2025-10-13T12:05:00+05:30,50.0,51.2,48.05,50.6,4512900,17069775,NSE_FO|42686|14-10-2025,25150,PE,2025-10-14,2025-10-13 12:05:00+05:30
2025-10-13T12:00:00+05:30,46.45,51.25,45.7,50.0,8168700,16765650,NSE_FO|42686|14-10-2025,25150,PE,2025-10-14,2025-10-13 12:00:00+05:30
2025-10-13T11:55:00+05:30,49.0,51.1,46.05,46.5,5665050,15487050,NSE_FO|42686|14-10-2025,25150,PE,2025-10-14,2025-10-13 11:55:00+05:30
2025-10-13T11:50:00+05:30,50.2,53.2,48.35,49.1,4835700,15493950,NSE_FO|42686|14-10-2025,25150,PE,2025-10-14,2025-10-13 11:50:00+05:30
2025-10-13T11:45:00+05:30,56.95,60.8,50.2,50.2,9198450,15187425,NSE_FO|42686|14-10-2025,25150,PE,2025-10-14,2025-10-13 11:45:00+05:30
2025-10-13T11:40:00+05:30,55.8,59.4,52.65,57.05,5701500,15470325,NSE_FO|42686|14-10-2025,25150,PE,2025-10-14,2025-10-13 11:40:00+05:30
2025-10-13T11:35:00+05:30,56.3,58.95,55.05,55.85,4891050,15757725,NSE_FO|42686|14-10-2025,25150,PE,2025-10-14,2025-10-13 11:35:00+05:30
2025-10-13T11:30:00+05:30,55.9,59.95,54.85,56.35,5790150,15239850,NSE_FO|42686|14-10-2025,25150,PE,2025-10-14,2025-10-13 11:30:00+05:30
2025-10-13T11:25:00+05:30,64.0,65.0,54.45,55.8,10746150,15013875,NSE_FO|42686|14-10-2025,25150,PE,2025-10-14,2025-10-13 11:25:00+05:30
2025-10-13T11:20:00+05:30,56.7,66.9,53.8,63.85,12924075,14884200,NSE_FO|42686|14-10-2025,25150,PE,2025-10-14,2025-10-13 11:20:00+05:30
2025-10-13T11:15:00+05:30,52.2,59.9,50.3,56.5,10011750,15745950,NSE_FO|42686|14-10-2025,25150,PE,2025-10-14,2025-10-13 11:15:00+05:30
2025-10-13T11:10:00+05:30,49.4,53.35,48.75,52.3,4228275,15712425,NSE_FO|42686|14-10-2025,25150,PE,2025-10-14,2025-10-13 11:10:00+05:30
2025-10-13T11:05:00+05:30,50.0,53.7,48.05,49.3,4375275,15673875,NSE_FO|42686|14-10-2025,25150,PE,2025-10-14,2025-10-13 11:05:00+05:30
2025-10-13T11:00:00+05:30,52.8,55.6,49.35,49.95,6648825,15806250,NSE_FO|42686|14-10-2025,25150,PE,2025-10-14,2025-10-13 11:00:00+05:30
2025-10-13T10:55:00+05:30,51.4,55.45,50.65,52.65,10039050,15890400,NSE_FO|42686|14-10-2025,25150,PE,2025-10-14,2025-10-13 10:55:00+05:30
2025-10-13T10:50:00+05:30,47.25,51.55,46.25,51.55,4018425,16069500,NSE_FO|42686|14-10-2025,25150,PE,2025-10-14,2025-10-13 10:50:00+05:30
2025-10-13T10:45:00+05:30,47.3,49.95,44.1,47.1,6533775,16151625,NSE_FO|42686|14-10-2025,25150,PE,2025-10-14,2025-10-13 10:45:00+05:30
2025-10-13T10:40:00+05:30,45.25,47.4,41.25,47.4,5146200,15683925,NSE_FO|42686|14-10-2025,25150,PE,2025-10-14,2025-10-13 10:40:00+05:30
2025-10-13T10:35:00+05:30,47.05,47.25,42.75,45.15,4525050,15689625,NSE_FO|42686|14-10-2025,25150,PE,2025-10-14,2025-10-13 10:35:00+05:30
2025-10-13T10:30:00+05:30,46.4,49.0,43.65,47.15,7266900,15647550,NSE_FO|42686|14-10-2025,25150,PE,2025-10-14,2025-10-13 10:30:00+05:30
2025-10-13T10:25:00+05:30,53.45,56.45,46.2,46.5,9342675,15274800,NSE_FO|42686|14-10-2025,25150,PE,2025-10-14,2025-10-13 10:25:00+05:30
2025-10-13T10:20:00+05:30,54.6,60.4,52.25,53.45,10641975,15625200,NSE_FO|42686|14-10-2025,25150,PE,2025-10-14,2025-10-13 10:20:00+05:30
2025-10-13T10:15:00+05:30,49.9,56.35,47.75,54.75,7821825,15626250,NSE_FO|42686|14-10-2025,25150,PE,2025-10-14,2025-10-13 10:15:00+05:30
2025-10-13T10:10:00+05:30,48.45,51.45,46.15,49.8,5824125,15597975,NSE_FO|42686|14-10-2025,25150,PE,2025-10-14,2025-10-13 10:10:00+05:30
2025-10-13T10:05:00+05:30,52.5,57.95,48.1,48.45,11270625,15685050,NSE_FO|42686|14-10-2025,25150,PE,2025-10-14,2025-10-13 10:05:00+05:30
2025-10-13T10:00:00+05:30,49.65,56.8,47.85,52.3,8979075,15405675,NSE_FO|42686|14-10-2025,25150,PE,2025-10-14,2025-10-13 10:00:00+05:30
2025-10-13T09:55:00+05:30,51.5,54.9,46.7,49.7,10337925,15564450,NSE_FO|42686|14-10-2025,25150,PE,2025-10-14,2025-10-13 09:55:00+05:30
2025-10-13T09:50:00+05:30,43.55,52.9,43.15,51.5,9643950,15123075,NSE_FO|42686|14-10-2025,25150,PE,2025-10-14,2025-10-13 09:50:00+05:30
2025-10-13T09:45:00+05:30,49.0,51.95,40.85,43.45,9602775,14432475,NSE_FO|42686|14-10-2025,25150,PE,2025-10-14,2025-10-13 09:45:00+05:30
2025-10-13T09:40:00+05:30,51.2,54.7,46.3,49.15,12205800,14737425,NSE_FO|42686|14-10-2025,25150,PE,2025-10-14,2025-10-13 09:40:00+05:30
2025-10-13T09:35:00+05:30,67.75,72.7,48.85,51.2,19204875,13355400,NSE_FO|42686|14-10-2025,25150,PE,2025-10-14,2025-10-13 09:35:00+05:30
2025-10-13T09:30:00+05:30,54.25,71.8,53.35,67.75,26994375,12366900,NSE_FO|42686|14-10-2025,25150,PE,2025-10-14,2025-10-13 09:30:00+05:30
2025-10-13T09:25:00+05:30,47.35,55.4,46.4,54.35,12352050,12077175,NSE_FO|42686|14-10-2025,25150,PE,2025-10-14,2025-10-13 09:25:00+05:30
2025-10-13T09:20:00+05:30,47.5,53.4,44.0,47.3,10859325,11127225,NSE_FO|42686|14-10-2025,25150,PE,2025-10-14,2025-10-13 09:20:00+05:30
2025-10-13T09:15:00+05:30,56.15,60.85,33.4,47.5,26796375,9752625,NSE_FO|42686|14-10-2025,25150,PE,2025-10-14,2025-10-13 09:15:00+05:30
2025-10-10T15:25:00+05:30,18.65,20.35,18.4,19.6,2981175,8828775,NSE_FO|42686|14-10-2025,25150,PE,2025-10-14,2025-10-10 15:25:00+05:30
2025-10-10T15:20:00+05:30,21.45,21.6,17.95,18.7,2903100,9716400,NSE_FO|42686|14-10-2025,25150,PE,2025-10-14,2025-10-10 15:20:00+05:30
2025-10-10T15:15:00+05:30,22.4,22.65,20.4,21.45,2147775,10051200,NSE_FO|42686|14-10-2025,25150,PE,2025-10-14,2025-10-10 15:15:00+05:30
2025-10-10T15:10:00+05:30,21.95,22.45,20.3,22.4,2392800,10488300,NSE_FO|42686|14-10-2025,25150,PE,2025-10-14,2025-10-10 15:10:00+05:30
2025-10-10T15:05:00+05:30,22.7,23.7,21.5,21.95,2625750,11027400,NSE_FO|42686|14-10-2025,25150,PE,2025-10-14,2025-10-10 15:05:00+05:30
2025-10-10T15:00:00+05:30,20.6,23.7,20.45,22.7,2934900,11105925,NSE_FO|42686|14-10-2025,25150,PE,2025-10-14,2025-10-10 15:00:00+05:30
2025-10-10T14:55:00+05:30,20.8,22.0,20.3,20.6,1385025,11113575,NSE_FO|42686|14-10-2025,25150,PE,2025-10-14,2025-10-10 14:55:00+05:30
2025-10-10T14:50:00+05:30,21.4,21.8,19.75,20.8,2411475,11308200,NSE_FO|42686|14-10-2025,25150,PE,2025-10-14,2025-10-10 14:50:00+05:30
2025-10-10T14:45:00+05:30,21.95,24.7,21.05,21.5,3379725,11424075,NSE_FO|42686|14-10-2025,25150,PE,2025-10-14,2025-10-10 14:45:00+05:30
2025-10-10T14:40:00+05:30,22.2,22.65,20.9,21.95,1082700,11546475,NSE_FO|42686|14-10-2025,25150,PE,2025-10-14,2025-10-10 14:40:00+05:30
2025-10-10T14:35:00+05:30,21.6,22.35,21.05,22.1,767100,11524125,NSE_FO|42686|14-10-2025,25150,PE,2025-10-14,2025-10-10 14:35:00+05:30
2025-10-10T14:30:00+05:30,21.3,23.75,21.15,21.7,1444350,11547075,NSE_FO|42686|14-10-2025,25150,PE,2025-10-14,2025-10-10 14:30:00+05:30
2025-10-10T14:25:00+05:30,20.9,21.75,20.35,21.45,864450,11694300,NSE_FO|42686|14-10-2025,25150,PE,2025-10-14,2025-10-10 14:25:00+05:30
2025-10-10T14:20:00+05:30,24.35,24.45,20.2,20.95,2119500,11757150,NSE_FO|42686|14-10-2025,25150,PE,2025-10-14,2025-10-10 14:20:00+05:30
2025-10-10T14:15:00+05:30,22.35,24.75,21.65,24.35,1554600,11684400,NSE_FO|42686|14-10-2025,25150,PE,2025-10-14,2025-10-10 14:15:00+05:30
2025-10-10T14:10:00+05:30,22.45,23.95,22.1,22.45,1382925,11763900,NSE_FO|42686|14-10-2025,25150,PE,2025-10-14,2025-10-10 14:10:00+05:30
2025-10-10T14:05:00+05:30,22.45,22.95,21.65,22.35,923475,11689500,NSE_FO|42686|14-10-2025,25150,PE,2025-10-14,2025-10-10 14:05:00+05:30
2025-10-10T14:00:00+05:30,22.5,22.65,21.55,22.4,880200,11731800,NSE_FO|42686|14-10-2025,25150,PE,2025-10-14,2025-10-10 14:00:00+05:30
2025-10-10T13:55:00+05:30,21.2,22.65,20.3,22.5,1467150,11779350,NSE_FO|42686|14-10-2025,25150,PE,2025-10-14,2025-10-10 13:55:00+05:30
2025-10-10T13:50:00+05:30,21.55,21.95,20.85,21.35,627000,11864625,NSE_FO|42686|14-10-2025,25150,PE,2025-10-14,2025-10-10 13:50:00+05:30
2025-10-10T13:45:00+05:30,21.25,21.9,20.9,21.55,779025,11872050,NSE_FO|42686|14-10-2025,25150,PE,2025-10-14,2025-10-10 13:45:00+05:30
2025-10-10T13:40:00+05:30,20.05,21.55,19.95,21.35,1573275,11875050,NSE_FO|42686|14-10-2025,25150,PE,2025-10-14,2025-10-10 13:40:00+05:30
2025-10-10T13:35:00+05:30,21.6,22.15,19.75,20.05,2417100,11897550,NSE_FO|42686|14-10-2025,25150,PE,2025-10-14,2025-10-10 13:35:00+05:30
2025-10-10T13:30:00+05:30,23.25,23.95,20.5,21.6,2716650,11985150,NSE_FO|42686|14-10-2025,25150,PE,2025-10-14,2025-10-10 13:30:00+05:30
2025-10-10T13:25:00+05:30,22.8,25.85,22.7,23.25,2132850,11881200,NSE_FO|42686|14-10-2025,25150,PE,2025-10-14,2025-10-10 13:25:00+05:30
2025-10-10T13:20:00+05:30,24.1,25.0,22.35,22.75,1512525,11961825,NSE_FO|42686|14-10-2025,25150,PE,2025-10-14,2025-10-10 13:20:00+05:30
2025-10-10T13:15:00+05:30,24.45,24.6,23.1,24.2,1223475,11945475,NSE_FO|42686|14-10-2025,25150,PE,2025-10-14,2025-10-10 13:15:00+05:30
2025-10-10T13:10:00+05:30,25.1,25.7,24.35,24.35,1104375,11976300,NSE_FO|42686|14-10-2025,25150,PE,2025-10-14,2025-10-10 13:10:00+05:30
2025-10-10T13:05:00+05:30,24.2,25.25,23.9,25.1,898200,11984550,NSE_FO|42686|14-10-2025,25150,PE,2025-10-14,2025-10-10 13:05:00+05:30
2025-10-10T13:00:00+05:30,24.25,24.9,23.65,24.1,1046175,12037125,NSE_FO|42686|14-10-2025,25150,PE,2025-10-14,2025-10-10 13:00:00+05:30
2025-10-10T12:55:00+05:30,23.8,24.7,23.2,24.25,1317150,11772675,NSE_FO|42686|14-10-2025,25150,PE,2025-10-14,2025-10-10 12:55:00+05:30
2025-10-10T12:50:00+05:30,23.85,25.8,23.5,23.8,1264725,11659350,NSE_FO|42686|14-10-2025,25150,PE,2025-10-14,2025-10-10 12:50:00+05:30
2025-10-10T12:45:00+05:30,24.2,24.45,22.65,23.9,2175075,11750100,NSE_FO|42686|14-10-2025,25150,PE,2025-10-14,2025-10-10 12:45:00+05:30
2025-10-10T12:40:00+05:30,28.2,29.2,23.75,24.1,2402100,11726025,NSE_FO|42686|14-10-2025,25150,PE,2025-10-14,2025-10-10 12:40:00+05:30
2025-10-10T12:35:00+05:30,27.15,28.75,26.6,28.1,901275,11545725,NSE_FO|42686|14-10-2025,25150,PE,2025-10-14,2025-10-10 12:35:00+05:30
2025-10-10T12:30:00+05:30,26.65,27.95,26.05,27.15,978450,11572125,NSE_FO|42686|14-10-2025,25150,PE,2025-10-14,2025-10-10 12:30:00+05:30
2025-10-10T12:25:00+05:30,26.0,26.75,25.5,26.7,1068375,11666325,NSE_FO|42686|14-10-2025,25150,PE,2025-10-14,2025-10-10 12:25:00+05:30
2025-10-10T12:20:00+05:30,27.75,28.15,25.2,26.0,1345050,11769075,NSE_FO|42686|14-10-2025,25150,PE,2025-10-14,2025-10-10 12:20:00+05:30
2025-10-10T12:15:00+05:30,26.4,27.7,24.55,27.7,2365725,11829150,NSE_FO|42686|14-10-2025,25150,PE,2025-10-14,2025-10-10 12:15:00+05:30
2025-10-10T12:10:00+05:30,29.25,29.85,26.25,26.35,1468575,11738850,NSE_FO|42686|14-10-2025,25150,PE,2025-10-14,2025-10-10 12:10:00+05:30
2025-10-10T12:05:00+05:30,26.35,30.5,26.1,29.15,2356350,11778000,NSE_FO|42686|14-10-2025,25150,PE,2025-10-14,2025-10-10 12:05:00+05:30
2025-10-10T12:00:00+05:30,28.4,29.0,26.3,26.3,1472550,12042225,NSE_FO|42686|14-10-2025,25150,PE,2025-10-14,2025-10-10 12:00:00+05:30
2025-10-10T11:55:00+05:30,28.3,30.0,27.75,28.45,778500,11950200,NSE_FO|42686|14-10-2025,25150,PE,2025-10-14,2025-10-10 11:55:00+05:30
2025-10-10T11:50:00+05:30,27.5,30.2,27.2,28.35,997650,11956650,NSE_FO|42686|14-10-2025,25150,PE,2025-10-14,2025-10-10 11:50:00+05:30
2025-10-10T11:45:00+05:30,28.35,29.0,27.35,27.6,867000,12002625,NSE_FO|42686|14-10-2025,25150,PE,2025-10-14,2025-10-10 11:45:00+05:30
2025-10-10T11:40:00+05:30,30.15,30.35,27.45,28.4,1319550,11893950,NSE_FO|42686|14-10-2025,25150,PE,2025-10-14,2025-10-10 11:40:00+05:30
2025-10-10T11:35:00+05:30,29.5,30.6,28.25,30.15,1401900,11889300,NSE_FO|42686|14-10-2025,25150,PE,2025-10-14,2025-10-10 11:35:00+05:30
2025-10-10T11:30:00+05:30,28.9,30.8,28.2,29.55,1777725,11850975,NSE_FO|42686|14-10-2025,25150,PE,2025-10-14,2025-10-10 11:30:00+05:30
2025-10-10T11:25:00+05:30,28.2,29.45,27.85,28.9,1183800,12071550,NSE_FO|42686|14-10-2025,25150,PE,2025-10-14,2025-10-10 11:25:00+05:30
2025-10-10T11:20:00+05:30,27.55,28.8,27.5,28.3,1031925,12089400,NSE_FO|42686|14-10-2025,25150,PE,2025-10-14,2025-10-10 11:20:00+05:30
2025-10-10T11:15:00+05:30,25.95,28.15,25.55,27.45,1772775,12135150,NSE_FO|42686|14-10-2025,25150,PE,2025-10-14,2025-10-10 11:15:00+05:30
2025-10-10T11:10:00+05:30,28.65,29.0,25.7,25.85,2233500,12251400,NSE_FO|42686|14-10-2025,25150,PE,2025-10-14,2025-10-10 11:10:00+05:30
2025-10-10T11:05:00+05:30,27.75,28.95,26.65,28.6,1478250,12220725,NSE_FO|42686|14-10-2025,25150,PE,2025-10-14,2025-10-10 11:05:00+05:30
2025-10-10T11:00:00+05:30,28.3,29.25,25.8,27.75,2120100,12368400,NSE_FO|42686|14-10-2025,25150,PE,2025-10-14,2025-10-10 11:00:00+05:30
2025-10-10T10:55:00+05:30,28.3,29.0,26.45,28.2,2750325,12308025,NSE_FO|42686|14-10-2025,25150,PE,2025-10-14,2025-10-10 10:55:00+05:30
2025-10-10T10:50:00+05:30,30.2,31.1,27.95,28.3,1971900,12013275,NSE_FO|42686|14-10-2025,25150,PE,2025-10-14,2025-10-10 10:50:00+05:30
2025-10-10T10:45:00+05:30,33.75,33.85,30.0,30.3,1809225,11911125,NSE_FO|42686|14-10-2025,25150,PE,2025-10-14,2025-10-10 10:45:00+05:30
2025-10-10T10:40:00+05:30,31.05,34.1,30.1,33.7,2111325,12339900,NSE_FO|42686|14-10-2025,25150,PE,2025-10-14,2025-10-10 10:40:00+05:30
2025-10-10T10:35:00+05:30,29.6,32.2,28.85,31.1,1485825,12428700,NSE_FO|42686|14-10-2025,25150,PE,2025-10-14,2025-10-10 10:35:00+05:30
2025-10-10T10:30:00+05:30,30.9,31.2,28.85,29.5,1653675,12509550,NSE_FO|42686|14-10-2025,25150,PE,2025-10-14,2025-10-10 10:30:00+05:30
2025-10-10T10:25:00+05:30,31.25,32.05,30.0,30.95,1759050,12205200,NSE_FO|42686|14-10-2025,25150,PE,2025-10-14,2025-10-10 10:25:00+05:30
2025-10-10T10:20:00+05:30,28.55,32.25,28.3,31.25,2797050,12254325,NSE_FO|42686|14-10-2025,25150,PE,2025-10-14,2025-10-10 10:20:00+05:30
2025-10-10T10:15:00+05:30,33.35,33.45,27.4,28.45,4136100,12439725,NSE_FO|42686|14-10-2025,25150,PE,2025-10-14,2025-10-10 10:15:00+05:30
2025-10-10T10:10:00+05:30,34.85,36.5,32.45,33.25,2129325,12386025,NSE_FO|42686|14-10-2025,25150,PE,2025-10-14,2025-10-10 10:10:00+05:30
2025-10-10T10:05:00+05:30,31.95,35.75,31.5,34.85,2439825,12415575,NSE_FO|42686|14-10-2025,25150,PE,2025-10-14,2025-10-10 10:05:00+05:30
2025-10-10T10:00:00+05:30,33.7,34.65,30.6,32.05,2530950,12638700,NSE_FO|42686|14-10-2025,25150,PE,2025-10-14,2025-10-10 10:00:00+05:30
2025-10-10T09:55:00+05:30,34.1,35.35,33.05,33.7,2382450,12601575,NSE_FO|42686|14-10-2025,25150,PE,2025-10-14,2025-10-10 09:55:00+05:30
2025-10-10T09:50:00+05:30,31.9,34.75,31.7,34.0,2906325,12573000,NSE_FO|42686|14-10-2025,25150,PE,2025-10-14,2025-10-10 09:50:00+05:30
2025-10-10T09:45:00+05:30,32.7,32.95,31.05,32.05,4754625,12542775,NSE_FO|42686|14-10-2025,25150,PE,2025-10-14,2025-10-10 09:45:00+05:30
2025-10-10T09:40:00+05:30,37.55,39.65,32.45,32.75,4862700,12308475,NSE_FO|42686|14-10-2025,25150,PE,2025-10-14,2025-10-10 09:40:00+05:30
2025-10-10T09:35:00+05:30,37.1,38.45,34.85,37.65,3371550,12156300,NSE_FO|42686|14-10-2025,25150,PE,2025-10-14,2025-10-10 09:35:00+05:30
2025-10-10T09:30:00+05:30,41.15,41.4,35.3,37.2,5332050,11839575,NSE_FO|42686|14-10-2025,25150,PE,2025-10-14,2025-10-10 09:30:00+05:30
2025-10-10T09:25:00+05:30,40.8,43.7,38.8,41.3,5287950,11492550,NSE_FO|42686|14-10-2025,25150,PE,2025-10-14,2025-10-10 09:25:00+05:30
2025-10-10T09:20:00+05:30,46.95,48.7,40.1,40.95,7941675,10862550,NSE_FO|42686|14-10-2025,25150,PE,2025-10-14,2025-10-10 09:20:00+05:30
2025-10-10T09:15:00+05:30,60.75,64.85,46.7,46.85,14171475,9083925,NSE_FO|42686|14-10-2025,25150,PE,2025-10-14,2025-10-10 09:15:00+05:30
2025-10-14T15:25:00+05:30,0.1,0.15,0.05,0.05,24772575,24551775,NSE_FO|42685|14-10-2025,25150,CE,2025-10-14,2025-10-14 15:25:00+05:30
2025-10-14T15:20:00+05:30,0.85,1.4,0.05,0.1,113371800,31930500,NSE_FO|42685|14-10-2025,25150,CE,2025-10-14,2025-10-14 15:20:00+05:30
2025-10-14T15:15:00+05:30,1.6,6.2,0.8,0.85,190525875,32032875,NSE_FO|42685|14-10-2025,25150,CE,2025-10-14,2025-10-14 15:15:00+05:30
2025-10-14T15:10:00+05:30,5.8,5.85,0.7,1.55,227036475,35687400,NSE_FO|42685|14-10-2025,25150,CE,2025-10-14,2025-10-14 15:10:00+05:30
2025-10-14T15:05:00+05:30,9.6,13.35,5.2,5.85,122187525,31144575,NSE_FO|42685|14-10-2025,25150,CE,2025-10-14,2025-10-14 15:05:00+05:30
2025-10-14T15:00:00+05:30,24.2,26.0,8.25,9.7,93327525,27035700,NSE_FO|42685|14-10-2025,25150,CE,2025-10-14,2025-10-14 15:00:00+05:30
2025-10-14T14:55:00+05:30,25.9,36.3,18.8,24.05,76044450,25221975,NSE_FO|42685|14-10-2025,25150,CE,2025-10-14,2025-10-14 14:55:00+05:30
2025-10-14T14:50:00+05:30,18.1,29.85,15.15,25.85,64781325,26605125,NSE_FO|42685|14-10-2025,25150,CE,2025-10-14,2025-10-14 14:50:00+05:30
2025-10-14T14:45:00+05:30,32.95,42.65,12.65,18.1,92642475,26332050,NSE_FO|42685|14-10-2025,25150,CE,2025-10-14,2025-10-14 14:45:00+05:30
2025-10-14T14:40:00+05:30,38.9,43.9,29.0,33.05,43429425,22945200,NSE_FO|42685|14-10-2025,25150,CE,2025-10-14,2025-10-14 14:40:00+05:30
2025-10-14T14:35:00+05:30,34.7,52.75,32.5,38.85,69712350,22370025,NSE_FO|42685|14-10-2025,25150,CE,2025-10-14,2025-10-14 14:35:00+05:30
2025-10-14T14:30:00+05:30,17.95,41.9,17.95,34.7,92813475,26591175,NSE_FO|42685|14-10-2025,25150,CE,2025-10-14,2025-10-14 14:30:00+05:30
2025-10-14T14:25:00+05:30,18.55,23.95,14.6,18.0,83912250,37360500,NSE_FO|42685|14-10-2025,25150,CE,2025-10-14,2025-10-14 14:25:00+05:30
2025-10-14T14:20:00+05:30,9.45,19.2,6.55,18.6,73103400,36904575,NSE_FO|42685|14-10-2025,25150,CE,2025-10-14,2025-10-14 14:20:00+05:30
2025-10-14T14:15:00+05:30,14.35,16.7,8.5,9.45,62452575,37273125,NSE_FO|42685|14-10-2025,25150,CE,2025-10-14,2025-10-14 14:15:00+05:30
2025-10-14T14:10:00+05:30,18.35,18.75,11.5,14.3,53590050,35894925,NSE_FO|42685|14-10-2025,25150,CE,2025-10-14,2025-10-14 14:10:00+05:30
2025-10-14T14:05:00+05:30,20.45,23.5,15.85,18.35,47493450,35267775,NSE_FO|42685|14-10-2025,25150,CE,2025-10-14,2025-10-14 14:05:00+05:30
2025-10-14T14:00:00+05:30,16.3,20.7,12.1,20.5,49515975,35109075,NSE_FO|42685|14-10-2025,25150,CE,2025-10-14,2025-10-14 14:00:00+05:30
2025-10-14T13:55:00+05:30,11.8,17.85,11.5,16.3,35292525,33575850,NSE_FO|42685|14-10-2025,25150,CE,2025-10-14,2025-10-14 13:55:00+05:30
2025-10-14T13:50:00+05:30,18.75,20.0,10.8,11.8,40639575,33620850,NSE_FO|42685|14-10-2025,25150,CE,2025-10-14,2025-10-14 13:50:00+05:30
2025-10-14T13:45:00+05:30,18.25,22.35,14.3,18.8,51451575,32563200,NSE_FO|42685|14-10-2025,25150,CE,2025-10-14,2025-10-14 13:45:00+05:30
2025-10-14T13:40:00+05:30,19.25,28.0,18.0,18.25,45713100,29920800,NSE_FO|42685|14-10-2025,25150,CE,2025-10-14,2025-10-14 13:40:00+05:30
2025-10-14T13:35:00+05:30,22.15,26.3,17.5,19.25,45985800,31620000,NSE_FO|42685|14-10-2025,25150,CE,2025-10-14,2025-10-14 13:35:00+05:30
2025-10-14T13:30:00+05:30,17.65,25.0,16.95,22.2,43461000,29811525,NSE_FO|42685|14-10-2025,25150,CE,2025-10-14,2025-10-14 13:30:00+05:30
2025-10-14T13:25:00+05:30,15.3,18.4,14.05,17.7,14783400,27810825,NSE_FO|42685|14-10-2025,25150,CE,2025-10-14,2025-10-14 13:25:00+05:30
2025-10-14T13:20:00+05:30,12.6,16.55,11.75,15.3,16102950,27255525,NSE_FO|42685|14-10-2025,25150,CE,2025-10-14,2025-10-14 13:20:00+05:30
2025-10-14T13:15:00+05:30,13.65,14.35,11.7,12.6,10544025,27384900,NSE_FO|42685|14-10-2025,25150,CE,2025-10-14,2025-10-14 13:15:00+05:30
2025-10-14T13:10:00+05:30,13.5,15.9,11.25,13.65,16569525,27063075,NSE_FO|42685|14-10-2025,25150,CE,2025-10-14,2025-10-14 13:10:00+05:30
2025-10-14T13:05:00+05:30,16.4,19.35,10.65,13.55,24358575,27989100,NSE_FO|42685|14-10-2025,25150,CE,2025-10-14,2025-10-14 13:05:00+05:30
2025-10-14T13:00:00+05:30,16.15,17.95,13.65,16.4,16260675,27792600,NSE_FO|42685|14-10-2025,25150,CE,2025-10-14,2025-10-14 13:00:00+05:30
2025-10-14T12:55:00+05:30,17.3,19.05,15.1,16.15,15576975,27636150,NSE_FO|42685|14-10-2025,25150,CE,2025-10-14,2025-10-14 12:55:00+05:30
2025-10-14T12:50:00+05:30,16.65,18.8,16.05,17.25,10527075,26155800,NSE_FO|42685|14-10-2025,25150,CE,2025-10-14,2025-10-14 12:50:00+05:30
2025-10-14T12:45:00+05:30,14.3,17.7,14.15,16.6,13706625,26253975,NSE_FO|42685|14-10-2025,25150,CE,2025-10-14,2025-10-14 12:45:00+05:30
2025-10-14T12:40:00+05:30,15.0,17.45,13.4,14.3,25594725,25639350,NSE_FO|42685|14-10-2025,25150,CE,2025-10-14,2025-10-14 12:40:00+05:30
2025-10-14T12:35:00+05:30,20.4,22.0,14.35,15.0,22555050,25504650,NSE_FO|42685|14-10-2025,25150,CE,2025-10-14,2025-10-14 12:35:00+05:30
2025-10-14T12:30:00+05:30,18.5,21.2,18.3,20.45,16171050,26033250,NSE_FO|42685|14-10-2025,25150,CE,2025-10-14,2025-10-14 12:30:00+05:30
2025-10-14T12:25:00+05:30,29.95,30.15,18.3,18.5,25931850,24774375,NSE_FO|42685|14-10-2025,25150,CE,2025-10-14,2025-10-14 12:25:00+05:30
2025-10-14T12:20:00+05:30,29.0,30.9,24.75,29.95,15847875,24954975,NSE_FO|42685|14-10-2025,25150,CE,2025-10-14,2025-10-14 12:20:00+05:30
2025-10-14T12:15:00+05:30,30.65,31.5,26.65,29.0,15681675,24810600,NSE_FO|42685|14-10-2025,25150,CE,2025-10-14,2025-10-14 12:15:00+05:30
2025-10-14T12:10:00+05:30,31.7,33.15,27.4,30.65,21669450,22435275,NSE_FO|42685|14-10-2025,25150,CE,2025-10-14,2025-10-14 12:10:00+05:30
2025-10-14T12:05:00+05:30,46.0,46.0,30.0,31.75,26382600,19704750,NSE_FO|42685|14-10-2025,25150,CE,2025-10-14,2025-10-14 12:05:00+05:30
2025-10-14T12:00:00+05:30,49.2,52.3,45.3,46.0,14175975,19545300,NSE_FO|42685|14-10-2025,25150,CE,2025-10-14,2025-10-14 12:00:00+05:30
2025-10-14T11:55:00+05:30,46.95,52.45,43.15,49.25,16660425,18906825,NSE_FO|42685|14-10-2025,25150,CE,2025-10-14,2025-10-14 11:55:00+05:30
2025-10-14T11:50:00+05:30,44.25,48.15,41.55,46.85,9018375,19606500,NSE_FO|42685|14-10-2025,25150,CE,2025-10-14,2025-10-14 11:50:00+05:30
2025-10-14T11:45:00+05:30,46.65,47.8,36.75,44.25,15934350,18937800,NSE_FO|42685|14-10-2025,25150,CE,2025-10-14,2025-10-14 11:45:00+05:30
2025-10-14T11:40:00+05:30,47.6,49.85,43.15,46.65,12946575,18372225,NSE_FO|42685|14-10-2025,25150,CE,2025-10-14,2025-10-14 11:40:00+05:30
2025-10-14T11:35:00+05:30,45.05,48.35,43.7,47.7,12523500,18113850,NSE_FO|42685|14-10-2025,25150,CE,2025-10-14,2025-10-14 11:35:00+05:30
2025-10-14T11:30:00+05:30,45.75,46.35,38.8,45.2,14113725,18031425,NSE_FO|42685|14-10-2025,25150,CE,2025-10-14,2025-10-14 11:30:00+05:30
2025-10-14T11:25:00+05:30,43.1,45.9,37.75,45.7,19836225,17105325,NSE_FO|42685|14-10-2025,25150,CE,2025-10-14,2025-10-14 11:25:00+05:30
2025-10-14T11:20:00+05:30,47.1,50.2,41.4,43.25,15574575,14503125,NSE_FO|42685|14-10-2025,25150,CE,2025-10-14,2025-10-14 11:20:00+05:30
2025-10-14T11:15:00+05:30,65.45,65.7,45.0,47.1,17141400,12203550,NSE_FO|42685|14-10-2025,25150,CE,2025-10-14,2025-10-14 11:15:00+05:30
2025-10-14T11:10:00+05:30,64.6,67.35,58.2,65.7,11189775,9018825,NSE_FO|42685|14-10-2025,25150,CE,2025-10-14,2025-10-14 11:10:00+05:30
2025-10-14T11:05:00+05:30,78.3,80.9,60.45,64.65,8077350,6844200,NSE_FO|42685|14-10-2025,25150,CE,2025-10-14,2025-10-14 11:05:00+05:30
2025-10-14T11:00:00+05:30,84.7,86.65,74.5,78.6,3996150,6320625,NSE_FO|42685|14-10-2025,25150,CE,2025-10-14,2025-10-14 11:00:00+05:30
2025-10-14T10:55:00+05:30,87.8,96.55,82.5,85.0,3065550,5799825,NSE_FO|42685|14-10-2025,25150,CE,2025-10-14,2025-10-14 10:55:00+05:30
2025-10-14T10:50:00+05:30,92.45,93.25,83.0,87.85,3366075,5580150,NSE_FO|42685|14-10-2025,25150,CE,2025-10-14,2025-10-14 10:50:00+05:30
2025-10-14T10:45:00+05:30,104.0,118.15,92.0,92.85,6998850,5438475,NSE_FO|42685|14-10-2025,25150,CE,2025-10-14,2025-10-14 10:45:00+05:30
2025-10-14T10:40:00+05:30,93.35,104.8,87.9,103.8,4744125,6583200,NSE_FO|42685|14-10-2025,25150,CE,2025-10-14,2025-10-14 10:40:00+05:30
2025-10-14T10:35:00+05:30,98.0,102.9,86.15,93.5,3779250,6254475,NSE_FO|42685|14-10-2025,25150,CE,2025-10-14,2025-10-14 10:35:00+05:30
2025-10-14T10:30:00+05:30,95.5,102.2,89.0,97.95,4737225,6350925,NSE_FO|42685|14-10-2025,25150,CE,2025-10-14,2025-10-14 10:30:00+05:30
2025-10-14T10:25:00+05:30,90.75,99.9,87.4,95.1,6483900,6716850,NSE_FO|42685|14-10-2025,25150,CE,2025-10-14,2025-10-14 10:25:00+05:30
2025-10-14T10:20:00+05:30,83.4,91.75,71.85,90.6,7982025,6979275,NSE_FO|42685|14-10-2025,25150,CE,2025-10-14,2025-10-14 10:20:00+05:30
2025-10-14T10:15:00+05:30,92.25,97.3,77.4,83.1,6027375,6445125,NSE_FO|42685|14-10-2025,25150,CE,2025-10-14,2025-10-14 10:15:00+05:30
2025-10-14T10:10:00+05:30,91.9,101.0,87.85,92.65,5039100,5701575,NSE_FO|42685|14-10-2025,25150,CE,2025-10-14,2025-10-14 10:10:00+05:30
2025-10-14T10:05:00+05:30,89.5,94.8,78.05,92.0,5951775,6047325,NSE_FO|42685|14-10-2025,25150,CE,2025-10-14,2025-10-14 10:05:00+05:30
2025-10-14T10:00:00+05:30,108.45,119.0,81.75,89.75,7120575,4999800,NSE_FO|42685|14-10-2025,25150,CE,2025-10-14,2025-10-14 10:00:00+05:30
2025-10-14T09:55:00+05:30,119.75,120.4,103.35,108.3,3178800,3753450,NSE_FO|42685|14-10-2025,25150,CE,2025-10-14,2025-10-14 09:55:00+05:30
2025-10-14T09:50:00+05:30,124.9,130.0,115.0,119.95,2064675,3376500,NSE_FO|42685|14-10-2025,25150,CE,2025-10-14,2025-10-14 09:50:00+05:30
2025-10-14T09:45:00+05:30,121.25,133.95,114.1,125.0,2862975,3117225,NSE_FO|42685|14-10-2025,25150,CE,2025-10-14,2025-10-14 09:45:00+05:30
2025-10-14T09:40:00+05:30,127.6,146.55,117.25,121.3,3415950,2701200,NSE_FO|42685|14-10-2025,25150,CE,2025-10-14,2025-10-14 09:40:00+05:30
2025-10-14T09:35:00+05:30,159.15,167.9,125.4,127.7,2477625,2428575,NSE_FO|42685|14-10-2025,25150,CE,2025-10-14,2025-10-14 09:35:00+05:30
2025-10-13T15:25:00+05:30,124.8,127.5,122.9,124.5,1401675,2152575,NSE_FO|42685|14-10-2025,25150,CE,2025-10-14,2025-10-13 15:25:00+05:30
2025-10-13T15:20:00+05:30,123.1,129.5,121.65,124.35,1667475,2679300,NSE_FO|42685|14-10-2025,25150,CE,2025-10-14,2025-10-13 15:20:00+05:30
2025-10-13T15:15:00+05:30,114.95,125.7,114.75,123.05,1931025,2877075,NSE_FO|42685|14-10-2025,25150,CE,2025-10-14,2025-10-13 15:15:00+05:30
2025-10-13T15:10:00+05:30,113.2,118.1,111.45,115.0,1402350,3371400,NSE_FO|42685|14-10-2025,25150,CE,2025-10-14,2025-10-13 15:10:00+05:30
2025-10-13T15:05:00+05:30,109.25,117.5,108.6,113.35,2014950,3628725,NSE_FO|42685|14-10-2025,25150,CE,2025-10-14,2025-10-13 15:05:00+05:30
2025-10-13T15:00:00+05:30,130.75,132.55,108.55,109.35,3971100,3537225,NSE_FO|42685|14-10-2025,25150,CE,2025-10-14,2025-10-13 15:00:00+05:30
2025-10-13T14:55:00+05:30,136.6,138.0,127.35,130.45,1847400,3826125,NSE_FO|42685|14-10-2025,25150,CE,2025-10-14,2025-10-13 14:55:00+05:30
2025-10-13T14:50:00+05:30,130.25,140.65,128.2,136.6,2916825,4394400,NSE_FO|42685|14-10-2025,25150,CE,2025-10-14,2025-10-13 14:50:00+05:30
2025-10-13T14:45:00+05:30,134.7,137.75,126.4,130.4,1872825,4037625,NSE_FO|42685|14-10-2025,25150,CE,2025-10-14,2025-10-13 14:45:00+05:30
2025-10-13T14:40:00+05:30,132.15,135.6,122.7,134.95,3492150,4230225,NSE_FO|42685|14-10-2025,25150,CE,2025-10-14,2025-10-13 14:40:00+05:30
2025-10-13T14:35:00+05:30,133.8,142.85,130.5,132.35,2394450,4251750,NSE_FO|42685|14-10-2025,25150,CE,2025-10-14,2025-10-13 14:35:00+05:30
2025-10-13T14:30:00+05:30,131.65,144.5,130.7,133.8,3288825,4334775,NSE_FO|42685|14-10-2025,25150,CE,2025-10-14,2025-10-13 14:30:00+05:30
2025-10-13T14:25:00+05:30,120.85,140.0,119.75,131.35,7671825,4791975,NSE_FO|42685|14-10-2025,25150,CE,2025-10-14,2025-10-13 14:25:00+05:30
2025-10-13T14:20:00+05:30,108.3,122.55,104.5,120.4,5327850,6694875,NSE_FO|42685|14-10-2025,25150,CE,2025-10-14,2025-10-13 14:20:00+05:30
2025-10-13T14:15:00+05:30,104.9,111.45,104.2,108.35,2396100,6381300,NSE_FO|42685|14-10-2025,25150,CE,2025-10-14,2025-10-13 14:15:00+05:30
2025-10-13T14:10:00+05:30,110.85,113.6,102.6,104.85,2607300,6492975,NSE_FO|42685|14-10-2025,25150,CE,2025-10-14,2025-10-13 14:10:00+05:30
2025-10-13T14:05:00+05:30,107.3,114.4,104.7,110.6,4903950,6528300,NSE_FO|42685|14-10-2025,25150,CE,2025-10-14,2025-10-13 14:05:00+05:30
2025-10-13T14:00:00+05:30,96.6,107.45,96.6,107.0,4150950,6952350,NSE_FO|42685|14-10-2025,25150,CE,2025-10-14,2025-10-13 14:00:00+05:30
2025-10-13T13:55:00+05:30,98.7,99.95,93.4,96.8,2992575,7092225,NSE_FO|42685|14-10-2025,25150,CE,2025-10-14,2025-10-13 13:55:00+05:30
2025-10-13T13:50:00+05:30,104.1,105.75,96.3,98.9,2230350,6954375,NSE_FO|42685|14-10-2025,25150,CE,2025-10-14,2025-10-13 13:50:00+05:30
2025-10-13T13:45:00+05:30,98.25,105.3,98.0,104.0,2446800,7087800,NSE_FO|42685|14-10-2025,25150,CE,2025-10-14,2025-10-13 13:45:00+05:30
2025-10-13T13:40:00+05:30,100.6,102.95,98.0,98.45,1517400,7183050,NSE_FO|42685|14-10-2025,25150,CE,2025-10-14,2025-10-13 13:40:00+05:30
2025-10-13T13:35:00+05:30,101.7,102.1,95.5,100.4,1834725,7191900,NSE_FO|42685|14-10-2025,25150,CE,2025-10-14,2025-10-13 13:35:00+05:30
2025-10-13T13:30:00+05:30,92.9,108.0,91.6,101.9,3824775,6993075,NSE_FO|42685|14-10-2025,25150,CE,2025-10-14,2025-10-13 13:30:00+05:30
2025-10-13T13:25:00+05:30,93.25,98.0,91.5,92.9,2035050,7444650,NSE_FO|42685|14-10-2025,25150,CE,2025-10-14,2025-10-13 13:25:00+05:30
2025-10-13T13:20:00+05:30,97.75,101.35,92.05,93.1,2675100,7076925,NSE_FO|42685|14-10-2025,25150,CE,2025-10-14,2025-10-13 13:20:00+05:30
2025-10-13T13:15:00+05:30,102.7,105.9,97.5,97.8,3104850,7087950,NSE_FO|42685|14-10-2025,25150,CE,2025-10-14,2025-10-13 13:15:00+05:30
2025-10-13T13:10:00+05:30,94.8,104.0,94.25,102.8,3551625,7416525,NSE_FO|42685|14-10-2025,25150,CE,2025-10-14,2025-10-13 13:10:00+05:30
2025-10-13T13:05:00+05:30,93.35,96.2,92.5,94.8,2434500,7454850,NSE_FO|42685|14-10-2025,25150,CE,2025-10-14,2025-10-13 13:05:00+05:30
2025-10-13T13:00:00+05:30,107.15,108.25,90.25,93.5,5151225,7415250,NSE_FO|42685|14-10-2025,25150,CE,2025-10-14,2025-10-13 13:00:00+05:30
2025-10-13T12:55:00+05:30,99.45,109.7,97.5,106.95,3722700,7538025,NSE_FO|42685|14-10-2025,25150,CE,2025-10-14,2025-10-13 12:55:00+05:30
2025-10-13T12:50:00+05:30,92.65,99.8,90.75,99.15,4285500,7799850,NSE_FO|42685|14-10-2025,25150,CE,2025-10-14,2025-10-13 12:50:00+05:30
2025-10-13T12:45:00+05:30,99.05,108.0,91.5,92.5,6272400,7662525,NSE_FO|42685|14-10-2025,25150,CE,2025-10-14,2025-10-13 12:45:00+05:30
2025-10-13T12:40:00+05:30,92.45,99.3,91.2,99.3,2664825,7801800,NSE_FO|42685|14-10-2025,25150,CE,2025-10-14,2025-10-13 12:40:00+05:30
2025-10-13T12:35:00+05:30,89.65,96.25,88.95,92.3,2006325,7879725,NSE_FO|42685|14-10-2025,25150,CE,2025-10-14,2025-10-13 12:35:00+05:30
2025-10-13T12:30:00+05:30,96.55,98.0,86.7,89.85,3291750,7801875,NSE_FO|42685|14-10-2025,25150,CE,2025-10-14,2025-10-13 12:30:00+05:30
2025-10-13T12:25:00+05:30,88.95,98.95,88.5,96.55,2875875,7950375,NSE_FO|42685|14-10-2025,25150,CE,2025-10-14,2025-10-13 12:25:00+05:30
2025-10-13T12:20:00+05:30,89.25,92.4,88.25,88.75,1607475,7792425,NSE_FO|42685|14-10-2025,25150,CE,2025-10-14,2025-10-13 12:20:00+05:30
2025-10-13T12:15:00+05:30,96.45,97.0,89.0,89.25,2572875,7659375,NSE_FO|42685|14-10-2025,25150,CE,2025-10-14,2025-10-13 12:15:00+05:30
2025-10-13T12:10:00+05:30,91.75,101.15,90.7,96.35,3310500,7646175,NSE_FO|42685|14-10-2025,25150,CE,2025-10-14,2025-10-13 12:10:00+05:30
2025-10-13T12:05:00+05:30,92.85,95.55,90.55,91.45,1968300,7500975,NSE_FO|42685|14-10-2025,25150,CE,2025-10-14,2025-10-13 12:05:00+05:30
2025-10-13T12:00:00+05:30,100.7,102.55,88.9,92.75,4421550,7508625,NSE_FO|42685|14-10-2025,25150,CE,2025-10-14,2025-10-13 12:00:00+05:30
2025-10-13T11:55:00+05:30,97.3,101.65,93.55,100.65,3490275,7914675,NSE_FO|42685|14-10-2025,25150,CE,2025-10-14,2025-10-13 11:55:00+05:30
2025-10-13T11:50:00+05:30,95.95,98.5,91.6,97.5,3487875,8123325,NSE_FO|42685|14-10-2025,25150,CE,2025-10-14,2025-10-13 11:50:00+05:30
2025-10-13T11:45:00+05:30,88.85,96.4,84.8,95.95,4289175,8033025,NSE_FO|42685|14-10-2025,25150,CE,2025-10-14,2025-10-13 11:45:00+05:30
2025-10-13T11:40:00+05:30,90.1,93.35,86.0,88.65,2033400,7962300,NSE_FO|42685|14-10-2025,25150,CE,2025-10-14,2025-10-13 11:40:00+05:30
2025-10-13T11:35:00+05:30,90.85,91.75,87.15,90.3,2057550,7698825,NSE_FO|42685|14-10-2025,25150,CE,2025-10-14,2025-10-13 11:35:00+05:30
2025-10-13T11:30:00+05:30,91.45,92.85,88.0,90.95,2687175,7704600,NSE_FO|42685|14-10-2025,25150,CE,2025-10-14,2025-10-13 11:30:00+05:30
2025-10-13T11:25:00+05:30,83.1,93.0,82.05,91.45,3899625,7309950,NSE_FO|42685|14-10-2025,25150,CE,2025-10-14,2025-10-13 11:25:00+05:30
2025-10-13T11:20:00+05:30,92.1,94.6,81.2,83.2,3924675,6740475,NSE_FO|42685|14-10-2025,25150,CE,2025-10-14,2025-10-13 11:20:00+05:30
2025-10-13T11:15:00+05:30,98.1,100.75,88.8,92.15,3270075,6310350,NSE_FO|42685|14-10-2025,25150,CE,2025-10-14,2025-10-13 11:15:00+05:30
2025-10-13T11:10:00+05:30,102.8,104.95,96.65,98.1,1607625,6348300,NSE_FO|42685|14-10-2025,25150,CE,2025-10-14,2025-10-13 11:10:00+05:30
2025-10-13T11:05:00+05:30,102.55,105.25,97.6,102.85,2219025,6255675,NSE_FO|42685|14-10-2025,25150,CE,2025-10-14,2025-10-13 11:05:00+05:30
2025-10-13T11:00:00+05:30,99.75,103.25,96.15,102.55,2177325,6165375,NSE_FO|42685|14-10-2025,25150,CE,2025-10-14,2025-10-13 11:00:00+05:30
2025-10-13T10:55:00+05:30,99.65,102.6,95.45,100.0,2544000,5769075,NSE_FO|42685|14-10-2025,25150,CE,2025-10-14,2025-10-13 10:55:00+05:30
2025-10-13T10:50:00+05:30,106.7,108.8,99.55,99.9,1489350,5786550,NSE_FO|42685|14-10-2025,25150,CE,2025-10-14,2025-10-13 10:50:00+05:30
2025-10-13T10:45:00+05:30,106.5,112.85,101.5,107.0,2438625,5776725,NSE_FO|42685|14-10-2025,25150,CE,2025-10-14,2025-10-13 10:45:00+05:30
2025-10-13T10:40:00+05:30,113.65,122.05,106.25,106.6,2564550,5868000,NSE_FO|42685|14-10-2025,25150,CE,2025-10-14,2025-10-13 10:40:00+05:30
2025-10-13T10:35:00+05:30,110.55,119.8,109.15,113.45,2384250,6050625,NSE_FO|42685|14-10-2025,25150,CE,2025-10-14,2025-10-13 10:35:00+05:30
2025-10-13T10:30:00+05:30,111.25,117.0,107.1,110.4,3811275,6060675,NSE_FO|42685|14-10-2025,25150,CE,2025-10-14,2025-10-13 10:30:00+05:30
2025-10-13T10:25:00+05:30,102.1,111.5,96.45,111.25,4052550,6226650,NSE_FO|42685|14-10-2025,25150,CE,2025-10-14,2025-10-13 10:25:00+05:30
2025-10-13T10:20:00+05:30,102.4,103.55,94.0,102.1,3214350,5922450,NSE_FO|42685|14-10-2025,25150,CE,2025-10-14,2025-10-13 10:20:00+05:30
2025-10-13T10:15:00+05:30,111.0,113.85,99.6,102.25,2653350,5589975,NSE_FO|42685|14-10-2025,25150,CE,2025-10-14,2025-10-13 10:15:00+05:30
2025-10-13T10:10:00+05:30,112.8,116.55,107.15,111.0,3144525,5672475,NSE_FO|42685|14-10-2025,25150,CE,2025-10-14,2025-10-13 10:10:00+05:30
2025-10-13T10:05:00+05:30,109.35,113.25,99.55,113.05,3617925,5576775,NSE_FO|42685|14-10-2025,25150,CE,2025-10-14,2025-10-13 10:05:00+05:30
2025-10-13T10:00:00+05:30,114.2,117.0,103.7,109.45,2201700,5147775,NSE_FO|42685|14-10-2025,25150,CE,2025-10-14,2025-10-13 10:00:00+05:30
2025-10-13T09:55:00+05:30,112.3,118.75,105.85,114.55,3236850,4970550,NSE_FO|42685|14-10-2025,25150,CE,2025-10-14,2025-10-13 09:55:00+05:30
2025-10-13T09:50:00+05:30,127.9,128.85,109.6,112.3,3742125,4702725,NSE_FO|42685|14-10-2025,25150,CE,2025-10-14,2025-10-13 09:50:00+05:30
2025-10-13T09:45:00+05:30,118.6,132.65,113.9,128.0,5419650,4881900,NSE_FO|42685|14-10-2025,25150,CE,2025-10-14,2025-10-13 09:45:00+05:30
2025-10-13T09:40:00+05:30,111.2,122.0,106.3,118.55,7020675,5342025,NSE_FO|42685|14-10-2025,25150,CE,2025-10-14,2025-10-13 09:40:00+05:30
2025-10-13T09:35:00+05:30,92.2,114.8,87.7,110.95,8066925,5670225,NSE_FO|42685|14-10-2025,25150,CE,2025-10-14,2025-10-13 09:35:00+05:30
2025-10-13T09:30:00+05:30,113.45,116.0,89.05,92.4,6436650,4605000,NSE_FO|42685|14-10-2025,25150,CE,2025-10-14,2025-10-13 09:30:00+05:30
2025-10-13T09:25:00+05:30,125.7,128.0,110.2,113.3,3917325,3402075,NSE_FO|42685|14-10-2025,25150,CE,2025-10-14,2025-10-13 09:25:00+05:30
2025-10-13T09:20:00+05:30,129.4,138.6,119.25,126.0,3606675,3166425,NSE_FO|42685|14-10-2025,25150,CE,2025-10-14,2025-10-13 09:20:00+05:30
2025-10-13T09:15:00+05:30,144.05,161.25,112.25,129.25,6048075,2519100,NSE_FO|42685|14-10-2025,25150,CE,2025-10-14,2025-10-13 09:15:00+05:30
2025-10-16T15:25:00+05:30,11.35,11.45,10.3,10.45,1066800,3819825,NSE_FO|45255|20-10-2025,25150,PE,2025-10-20,2025-10-16 15:25:00+05:30
2025-10-16T15:20:00+05:30,11.9,12.35,11.05,11.3,1109250,3744600,NSE_FO|45255|20-10-2025,25150,PE,2025-10-20,2025-10-16 15:20:00+05:30
2025-10-16T15:15:00+05:30,11.5,12.3,11.45,11.9,1137600,3637725,NSE_FO|45255|20-10-2025,25150,PE,2025-10-20,2025-10-16 15:15:00+05:30
2025-10-16T15:10:00+05:30,12.8,13.05,11.4,11.5,1235550,3646125,NSE_FO|45255|20-10-2025,25150,PE,2025-10-20,2025-10-16 15:10:00+05:30
2025-10-16T15:05:00+05:30,13.6,13.9,12.65,12.85,721575,3614475,NSE_FO|45255|20-10-2025,25150,PE,2025-10-20,2025-10-16 15:05:00+05:30
2025-10-16T15:00:00+05:30,14.05,14.25,13.55,13.6,493200,3559350,NSE_FO|45255|20-10-2025,25150,PE,2025-10-20,2025-10-16 15:00:00+05:30
2025-10-16T14:55:00+05:30,14.25,14.3,13.55,14.1,414525,3560025,NSE_FO|45255|20-10-2025,25150,PE,2025-10-20,2025-10-16 14:55:00+05:30
2025-10-16T14:50:00+05:30,14.2,14.35,13.8,14.3,371250,3570600,NSE_FO|45255|20-10-2025,25150,PE,2025-10-20,2025-10-16 14:50:00+05:30
2025-10-16T14:45:00+05:30,13.8,14.3,13.6,14.2,313575,3577575,NSE_FO|45255|20-10-2025,25150,PE,2025-10-20,2025-10-16 14:45:00+05:30
2025-10-16T14:40:00+05:30,13.75,13.9,13.6,13.85,668550,3589275,NSE_FO|45255|20-10-2025,25150,PE,2025-10-20,2025-10-16 14:40:00+05:30
2025-10-16T14:35:00+05:30,13.95,14.1,13.35,13.75,595125,3762075,NSE_FO|45255|20-10-2025,25150,PE,2025-10-20,2025-10-16 14:35:00+05:30
2025-10-16T14:30:00+05:30,14.2,14.25,13.55,13.9,452325,3825975,NSE_FO|45255|20-10-2025,25150,PE,2025-10-20,2025-10-16 14:30:00+05:30
2025-10-16T14:25:00+05:30,15.4,15.65,14.15,14.2,369525,3827025,NSE_FO|45255|20-10-2025,25150,PE,2025-10-20,2025-10-16 14:25:00+05:30
2025-10-16T14:20:00+05:30,15.4,15.9,15.3,15.35,252600,3820275,NSE_FO|45255|20-10-2025,25150,PE,2025-10-20,2025-10-16 14:20:00+05:30
2025-10-16T14:15:00+05:30,15.3,15.7,15.0,15.45,381225,3823800,NSE_FO|45255|20-10-2025,25150,PE,2025-10-20,2025-10-16 14:15:00+05:30
2025-10-16T14:10:00+05:30,15.95,16.1,15.3,15.35,592125,3808425,NSE_FO|45255|20-10-2025,25150,PE,2025-10-20,2025-10-16 14:10:00+05:30
2025-10-16T14:05:00+05:30,16.25,16.4,15.8,15.9,557325,4002825,NSE_FO|45255|20-10-2025,25150,PE,2025-10-20,2025-10-16 14:05:00+05:30
2025-10-16T14:00:00+05:30,16.3,16.35,16.0,16.2,284475,4000575,NSE_FO|45255|20-10-2025,25150,PE,2025-10-20,2025-10-16 14:00:00+05:30
2025-10-16T13:55:00+05:30,15.7,16.35,15.7,16.3,212400,4008750,NSE_FO|45255|20-10-2025,25150,PE,2025-10-20,2025-10-16 13:55:00+05:30
2025-10-16T13:50:00+05:30,15.45,15.75,15.35,15.7,146175,4034250,NSE_FO|45255|20-10-2025,25150,PE,2025-10-20,2025-10-16 13:50:00+05:30
2025-10-16T13:45:00+05:30,15.4,16.0,15.4,15.45,390675,4054275,NSE_FO|45255|20-10-2025,25150,PE,2025-10-20,2025-10-16 13:45:00+05:30
2025-10-16T13:40:00+05:30,15.05,15.55,14.9,15.4,488175,4161450,NSE_FO|45255|20-10-2025,25150,PE,2025-10-20,2025-10-16 13:40:00+05:30
2025-10-16T13:35:00+05:30,15.15,15.35,14.9,15.05,245250,4120200,NSE_FO|45255|20-10-2025,25150,PE,2025-10-20,2025-10-16 13:35:00+05:30
2025-10-16T13:30:00+05:30,15.4,15.6,15.1,15.15,200700,4123200,NSE_FO|45255|20-10-2025,25150,PE,2025-10-20,2025-10-16 13:30:00+05:30
2025-10-16T13:25:00+05:30,15.75,15.85,15.3,15.4,402450,4122375,NSE_FO|45255|20-10-2025,25150,PE,2025-10-20,2025-10-16 13:25:00+05:30
2025-10-16T13:20:00+05:30,15.8,16.15,15.7,15.75,244425,4083675,NSE_FO|45255|20-10-2025,25150,PE,2025-10-20,2025-10-16 13:20:00+05:30
2025-10-16T13:15:00+05:30,15.75,15.85,15.5,15.8,321150,4059225,NSE_FO|45255|20-10-2025,25150,PE,2025-10-20,2025-10-16 13:15:00+05:30
2025-10-16T13:10:00+05:30,15.85,16.0,15.7,15.7,229650,4004700,NSE_FO|45255|20-10-2025,25150,PE,2025-10-20,2025-10-16 13:10:00+05:30
2025-10-16T13:05:00+05:30,15.85,16.15,15.75,15.85,193875,3972375,NSE_FO|45255|20-10-2025,25150,PE,2025-10-20,2025-10-16 13:05:00+05:30
2025-10-16T13:00:00+05:30,16.0,16.15,15.75,15.8,246450,3998550,NSE_FO|45255|20-10-2025,25150,PE,2025-10-20,2025-10-16 13:00:00+05:30
2025-10-16T12:55:00+05:30,16.4,16.6,15.95,16.0,309075,4043100,NSE_FO|45255|20-10-2025,25150,PE,2025-10-20,2025-10-16 12:55:00+05:30
2025-10-16T12:50:00+05:30,16.6,16.7,16.3,16.4,363000,4052550,NSE_FO|45255|20-10-2025,25150,PE,2025-10-20,2025-10-16 12:50:00+05:30
2025-10-16T12:45:00+05:30,16.3,16.65,15.9,16.55,822300,4093425,NSE_FO|45255|20-10-2025,25150,PE,2025-10-20,2025-10-16 12:45:00+05:30
2025-10-16T12:40:00+05:30,16.35,16.8,16.2,16.3,524100,4101750,NSE_FO|45255|20-10-2025,25150,PE,2025-10-20,2025-10-16 12:40:00+05:30
2025-10-16T12:35:00+05:30,16.45,16.65,16.0,16.35,759450,4040025,NSE_FO|45255|20-10-2025,25150,PE,2025-10-20,2025-10-16 12:35:00+05:30
2025-10-16T12:30:00+05:30,15.95,16.5,15.7,16.45,918450,4011375,NSE_FO|45255|20-10-2025,25150,PE,2025-10-20,2025-10-16 12:30:00+05:30
2025-10-16T12:25:00+05:30,15.6,16.1,15.55,15.85,474525,4022550,NSE_FO|45255|20-10-2025,25150,PE,2025-10-20,2025-10-16 12:25:00+05:30
2025-10-16T12:20:00+05:30,16.2,16.35,15.55,15.6,660750,4152300,NSE_FO|45255|20-10-2025,25150,PE,2025-10-20,2025-10-16 12:20:00+05:30
2025-10-16T12:15:00+05:30,15.85,16.4,15.7,16.3,692850,4191900,NSE_FO|45255|20-10-2025,25150,PE,2025-10-20,2025-10-16 12:15:00+05:30
2025-10-16T12:10:00+05:30,17.55,17.6,15.85,15.95,516825,4335225,NSE_FO|45255|20-10-2025,25150,PE,2025-10-20,2025-10-16 12:10:00+05:30
2025-10-16T12:05:00+05:30,17.7,17.95,17.25,17.55,111150,4394250,NSE_FO|45255|20-10-2025,25150,PE,2025-10-20,2025-10-16 12:05:00+05:30
2025-10-16T12:00:00+05:30,17.8,17.95,17.5,17.7,206475,4408275,NSE_FO|45255|20-10-2025,25150,PE,2025-10-20,2025-10-16 12:00:00+05:30
2025-10-16T11:55:00+05:30,17.85,18.1,17.5,17.85,189750,4358250,NSE_FO|45255|20-10-2025,25150,PE,2025-10-20,2025-10-16 11:55:00+05:30
2025-10-16T11:50:00+05:30,18.8,18.85,17.7,17.9,274350,4366650,NSE_FO|45255|20-10-2025,25150,PE,2025-10-20,2025-10-16 11:50:00+05:30
2025-10-16T11:45:00+05:30,18.7,18.9,18.15,18.75,256725,4363275,NSE_FO|45255|20-10-2025,25150,PE,2025-10-20,2025-10-16 11:45:00+05:30
2025-10-16T11:40:00+05:30,18.4,18.85,18.2,18.65,168675,4339575,NSE_FO|45255|20-10-2025,25150,PE,2025-10-20,2025-10-16 11:40:00+05:30
2025-10-16T11:35:00+05:30,18.6,18.8,18.15,18.4,106050,4311225,NSE_FO|45255|20-10-2025,25150,PE,2025-10-20,2025-10-16 11:35:00+05:30
2025-10-16T11:30:00+05:30,18.35,18.7,17.7,18.65,459150,4335525,NSE_FO|45255|20-10-2025,25150,PE,2025-10-20,2025-10-16 11:30:00+05:30
2025-10-16T11:25:00+05:30,19.05,19.05,18.35,18.4,180225,4354350,NSE_FO|45255|20-10-2025,25150,PE,2025-10-20,2025-10-16 11:25:00+05:30
2025-10-16T11:20:00+05:30,19.05,19.2,18.75,19.0,187800,4372575,NSE_FO|45255|20-10-2025,25150,PE,2025-10-20,2025-10-16 11:20:00+05:30
2025-10-16T11:15:00+05:30,19.1,19.2,18.8,19.1,104250,4354950,NSE_FO|45255|20-10-2025,25150,PE,2025-10-20,2025-10-16 11:15:00+05:30
2025-10-16T11:10:00+05:30,18.9,19.15,18.75,19.05,169650,4362150,NSE_FO|45255|20-10-2025,25150,PE,2025-10-20,2025-10-16 11:10:00+05:30
2025-10-16T11:05:00+05:30,19.15,19.2,18.8,18.85,118575,4348575,NSE_FO|45255|20-10-2025,25150,PE,2025-10-20,2025-10-16 11:05:00+05:30
2025-10-16T11:00:00+05:30,18.7,19.25,18.35,19.1,330975,4351350,NSE_FO|45255|20-10-2025,25150,PE,2025-10-20,2025-10-16 11:00:00+05:30
2025-10-16T10:55:00+05:30,18.95,19.2,18.6,18.7,203925,4417575,NSE_FO|45255|20-10-2025,25150,PE,2025-10-20,2025-10-16 10:55:00+05:30
2025-10-16T10:50:00+05:30,19.25,19.4,18.95,18.95,408000,4389600,NSE_FO|45255|20-10-2025,25150,PE,2025-10-20,2025-10-16 10:50:00+05:30
2025-10-16T10:45:00+05:30,19.05,19.5,18.9,19.25,1162200,4240800,NSE_FO|45255|20-10-2025,25150,PE,2025-10-20,2025-10-16 10:45:00+05:30
2025-10-16T10:40:00+05:30,18.9,19.25,18.6,19.05,443550,4194450,NSE_FO|45255|20-10-2025,25150,PE,2025-10-20,2025-10-16 10:40:00+05:30
2025-10-16T10:35:00+05:30,18.6,19.15,18.5,18.9,435000,4279650,NSE_FO|45255|20-10-2025,25150,PE,2025-10-20,2025-10-16 10:35:00+05:30
2025-10-16T10:30:00+05:30,19.1,19.1,18.05,18.7,812250,4256775,NSE_FO|45255|20-10-2025,25150,PE,2025-10-20,2025-10-16 10:30:00+05:30
2025-10-16T10:25:00+05:30,19.55,19.75,18.25,19.15,822900,4211550,NSE_FO|45255|20-10-2025,25150,PE,2025-10-20,2025-10-16 10:25:00+05:30
2025-10-16T10:20:00+05:30,20.7,21.25,19.5,19.6,631200,4165650,NSE_FO|45255|20-10-2025,25150,PE,2025-10-20,2025-10-16 10:20:00+05:30
2025-10-16T10:15:00+05:30,21.35,22.05,20.35,20.65,671025,4127700,NSE_FO|45255|20-10-2025,25150,PE,2025-10-20,2025-10-16 10:15:00+05:30
2025-10-16T10:10:00+05:30,20.3,21.7,20.1,21.3,482250,4121475,NSE_FO|45255|20-10-2025,25150,PE,2025-10-20,2025-10-16 10:10:00+05:30
2025-10-16T10:05:00+05:30,19.75,20.4,19.7,20.35,328500,4115550,NSE_FO|45255|20-10-2025,25150,PE,2025-10-20,2025-10-16 10:05:00+05:30
2025-10-16T10:00:00+05:30,20.4,20.65,19.5,19.8,408375,4096800,NSE_FO|45255|20-10-2025,25150,PE,2025-10-20,2025-10-16 10:00:00+05:30
2025-10-16T09:55:00+05:30,20.05,20.9,19.85,20.35,589575,4030425,NSE_FO|45255|20-10-2025,25150,PE,2025-10-20,2025-10-16 09:55:00+05:30
2025-10-16T09:50:00+05:30,21.15,21.8,19.75,20.1,677025,4043475,NSE_FO|45255|20-10-2025,25150,PE,2025-10-20,2025-10-16 09:50:00+05:30
2025-10-16T09:45:00+05:30,20.85,22.05,20.45,21.25,564225,4099425,NSE_FO|45255|20-10-2025,25150,PE,2025-10-20,2025-10-16 09:45:00+05:30
2025-10-16T09:40:00+05:30,22.25,23.4,20.8,20.9,981300,4123575,NSE_FO|45255|20-10-2025,25150,PE,2025-10-20,2025-10-16 09:40:00+05:30
2025-10-16T09:35:00+05:30,20.15,22.45,19.8,22.3,816075,4186125,NSE_FO|45255|20-10-2025,25150,PE,2025-10-20,2025-10-16 09:35:00+05:30
2025-10-16T09:30:00+05:30,20.05,20.65,19.1,20.15,738900,4199775,NSE_FO|45255|20-10-2025,25150,PE,2025-10-20,2025-10-16 09:30:00+05:30
2025-10-16T09:25:00+05:30,21.8,22.25,19.35,20.1,1352925,4172775,NSE_FO|45255|20-10-2025,25150,PE,2025-10-20,2025-10-16 09:25:00+05:30
2025-10-16T09:20:00+05:30,21.7,22.85,20.3,21.8,2057250,4289775,NSE_FO|45255|20-10-2025,25150,PE,2025-10-20,2025-10-16 09:20:00+05:30
2025-10-16T09:15:00+05:30,23.0,34.6,18.0,21.8,3702600,3931125,NSE_FO|45255|20-10-2025,25150,PE,2025-10-20,2025-10-16 09:15:00+05:30
2025-10-15T15:25:00+05:30,36.2,36.6,35.2,35.7,1384875,4120200,NSE_FO|45255|20-10-2025,25150,PE,2025-10-20,2025-10-15 15:25:00+05:30
2025-10-15T15:20:00+05:30,36.0,36.35,34.95,36.2,1303425,4301925,NSE_FO|45255|20-10-2025,25150,PE,2025-10-20,2025-10-15 15:20:00+05:30
2025-10-15T15:15:00+05:30,34.9,36.15,34.25,36.0,1468725,4613025,NSE_FO|45255|20-10-2025,25150,PE,2025-10-20,2025-10-15 15:15:00+05:30
2025-10-15T15:10:00+05:30,35.25,36.35,33.6,34.8,1179525,4739475,NSE_FO|45255|20-10-2025,25150,PE,2025-10-20,2025-10-15 15:10:00+05:30
2025-10-15T15:05:00+05:30,36.35,37.25,34.9,35.15,957300,4940175,NSE_FO|45255|20-10-2025,25150,PE,2025-10-20,2025-10-15 15:05:00+05:30
2025-10-15T15:00:00+05:30,36.45,38.45,35.75,36.4,1280625,5004900,NSE_FO|45255|20-10-2025,25150,PE,2025-10-20,2025-10-15 15:00:00+05:30
2025-10-15T14:55:00+05:30,36.7,37.65,36.0,36.45,799050,4960950,NSE_FO|45255|20-10-2025,25150,PE,2025-10-20,2025-10-15 14:55:00+05:30
2025-10-15T14:50:00+05:30,37.25,38.25,35.15,36.7,1430850,5116200,NSE_FO|45255|20-10-2025,25150,PE,2025-10-20,2025-10-15 14:50:00+05:30
2025-10-15T14:45:00+05:30,34.3,38.7,33.75,37.2,1379625,5047725,NSE_FO|45255|20-10-2025,25150,PE,2025-10-20,2025-10-15 14:45:00+05:30
2025-10-15T14:40:00+05:30,35.1,35.4,32.75,34.3,674550,5130450,NSE_FO|45255|20-10-2025,25150,PE,2025-10-20,2025-10-15 14:40:00+05:30
2025-10-15T14:35:00+05:30,33.5,35.1,32.4,35.1,476550,5241975,NSE_FO|45255|20-10-2025,25150,PE,2025-10-20,2025-10-15 14:35:00+05:30
2025-10-15T14:30:00+05:30,33.6,34.35,33.1,33.6,502500,5236050,NSE_FO|45255|20-10-2025,25150,PE,2025-10-20,2025-10-15 14:30:00+05:30
2025-10-15T14:25:00+05:30,35.0,35.15,32.6,33.5,633825,5286150,NSE_FO|45255|20-10-2025,25150,PE,2025-10-20,2025-10-15 14:25:00+05:30
2025-10-15T14:20:00+05:30,34.45,35.65,33.8,34.95,443700,5321550,NSE_FO|45255|20-10-2025,25150,PE,2025-10-20,2025-10-15 14:20:00+05:30
2025-10-15T14:15:00+05:30,35.45,36.6,34.3,34.4,632325,5307000,NSE_FO|45255|20-10-2025,25150,PE,2025-10-20,2025-10-15 14:15:00+05:30
2025-10-15T14:10:00+05:30,35.05,36.85,33.9,35.5,588675,5306625,NSE_FO|45255|20-10-2025,25150,PE,2025-10-20,2025-10-15 14:10:00+05:30
2025-10-15T14:05:00+05:30,35.65,36.75,33.75,35.0,1012650,5297850,NSE_FO|45255|20-10-2025,25150,PE,2025-10-20,2025-10-15 14:05:00+05:30
2025-10-15T14:00:00+05:30,34.85,35.8,33.65,35.55,940050,5347725,NSE_FO|45255|20-10-2025,25150,PE,2025-10-20,2025-10-15 14:00:00+05:30
2025-10-15T13:55:00+05:30,34.0,35.25,33.45,34.9,699900,5301825,NSE_FO|45255|20-10-2025,25150,PE,2025-10-20,2025-10-15 13:55:00+05:30
2025-10-15T13:50:00+05:30,33.5,34.2,33.0,34.1,544050,5320950,NSE_FO|45255|20-10-2025,25150,PE,2025-10-20,2025-10-15 13:50:00+05:30
2025-10-15T13:45:00+05:30,32.7,33.65,31.65,33.45,546900,5311950,NSE_FO|45255|20-10-2025,25150,PE,2025-10-20,2025-10-15 13:45:00+05:30
2025-10-15T13:40:00+05:30,32.35,32.9,32.1,32.7,524775,5312700,NSE_FO|45255|20-10-2025,25150,PE,2025-10-20,2025-10-15 13:40:00+05:30
2025-10-15T13:35:00+05:30,31.6,32.4,31.35,32.4,564675,5341200,NSE_FO|45255|20-10-2025,25150,PE,2025-10-20,2025-10-15 13:35:00+05:30
2025-10-15T13:30:00+05:30,33.05,33.05,31.0,31.55,611475,5328525,NSE_FO|45255|20-10-2025,25150,PE,2025-10-20,2025-10-15 13:30:00+05:30
2025-10-15T13:25:00+05:30,33.05,33.2,31.85,33.05,713400,5336775,NSE_FO|45255|20-10-2025,25150,PE,2025-10-20,2025-10-15 13:25:00+05:30
2025-10-15T13:20:00+05:30,32.6,33.3,31.4,33.05,1338075,5340900,NSE_FO|45255|20-10-2025,25150,PE,2025-10-20,2025-10-15 13:20:00+05:30
2025-10-15T13:15:00+05:30,35.75,35.75,31.1,32.65,1605225,5551125,NSE_FO|45255|20-10-2025,25150,PE,2025-10-20,2025-10-15 13:15:00+05:30
2025-10-15T13:10:00+05:30,35.2,36.05,35.15,35.8,466950,5538225,NSE_FO|45255|20-10-2025,25150,PE,2025-10-20,2025-10-15 13:10:00+05:30
2025-10-15T13:05:00+05:30,35.2,35.55,34.65,35.2,368625,5555925,NSE_FO|45255|20-10-2025,25150,PE,2025-10-20,2025-10-15 13:05:00+05:30
2025-10-15T13:00:00+05:30,34.45,35.5,34.2,35.05,607725,5548650,NSE_FO|45255|20-10-2025,25150,PE,2025-10-20,2025-10-15 13:00:00+05:30
2025-10-15T12:55:00+05:30,34.75,35.9,33.95,34.6,693900,5599350,NSE_FO|45255|20-10-2025,25150,PE,2025-10-20,2025-10-15 12:55:00+05:30
2025-10-15T12:50:00+05:30,36.35,36.45,34.55,34.75,604725,5657850,NSE_FO|45255|20-10-2025,25150,PE,2025-10-20,2025-10-15 12:50:00+05:30
2025-10-15T12:45:00+05:30,36.3,37.1,35.5,36.2,661725,5633850,NSE_FO|45255|20-10-2025,25150,PE,2025-10-20,2025-10-15 12:45:00+05:30
2025-10-15T12:40:00+05:30,38.35,39.0,35.45,36.1,800550,5620725,NSE_FO|45255|20-10-2025,25150,PE,2025-10-20,2025-10-15 12:40:00+05:30
2025-10-15T12:35:00+05:30,38.5,40.2,38.3,38.45,421725,5561850,NSE_FO|45255|20-10-2025,25150,PE,2025-10-20,2025-10-15 12:35:00+05:30
2025-10-15T12:30:00+05:30,38.55,39.55,37.8,38.45,570450,5537175,NSE_FO|45255|20-10-2025,25150,PE,2025-10-20,2025-10-15 12:30:00+05:30
2025-10-15T12:25:00+05:30,41.3,42.55,38.15,38.45,865725,5572275,NSE_FO|45255|20-10-2025,25150,PE,2025-10-20,2025-10-15 12:25:00+05:30
2025-10-15T12:20:00+05:30,41.0,42.75,40.2,41.25,763950,5557800,NSE_FO|45255|20-10-2025,25150,PE,2025-10-20,2025-10-15 12:20:00+05:30
2025-10-15T12:15:00+05:30,40.55,42.35,38.8,41.25,1257450,5528925,NSE_FO|45255|20-10-2025,25150,PE,2025-10-20,2025-10-15 12:15:00+05:30
2025-10-15T12:10:00+05:30,40.15,40.85,38.85,40.65,567975,5749650,NSE_FO|45255|20-10-2025,25150,PE,2025-10-20,2025-10-15 12:10:00+05:30
2025-10-15T12:05:00+05:30,40.6,40.85,37.85,40.05,792525,5755725,NSE_FO|45255|20-10-2025,25150,PE,2025-10-20,2025-10-15 12:05:00+05:30
2025-10-15T12:00:00+05:30,38.65,40.7,37.85,40.6,530775,5699925,NSE_FO|45255|20-10-2025,25150,PE,2025-10-20,2025-10-15 12:00:00+05:30
2025-10-15T11:55:00+05:30,39.0,39.4,37.55,38.65,622575,5737950,NSE_FO|45255|20-10-2025,25150,PE,2025-10-20,2025-10-15 11:55:00+05:30
2025-10-15T11:50:00+05:30,40.15,40.95,38.7,38.95,549975,5776425,NSE_FO|45255|20-10-2025,25150,PE,2025-10-20,2025-10-15 11:50:00+05:30
2025-10-15T11:45:00+05:30,39.4,42.2,39.2,40.1,864675,5766375,NSE_FO|45255|20-10-2025,25150,PE,2025-10-20,2025-10-15 11:45:00+05:30
2025-10-15T11:40:00+05:30,39.3,40.45,37.75,39.35,522825,5760150,NSE_FO|45255|20-10-2025,25150,PE,2025-10-20,2025-10-15 11:40:00+05:30
2025-10-15T11:35:00+05:30,39.35,41.15,38.8,39.25,790875,5645325,NSE_FO|45255|20-10-2025,25150,PE,2025-10-20,2025-10-15 11:35:00+05:30
2025-10-15T11:30:00+05:30,38.5,39.9,38.05,39.35,791325,5625750,NSE_FO|45255|20-10-2025,25150,PE,2025-10-20,2025-10-15 11:30:00+05:30
2025-10-15T11:25:00+05:30,40.2,41.4,36.6,38.4,1292550,5733975,NSE_FO|45255|20-10-2025,25150,PE,2025-10-20,2025-10-15 11:25:00+05:30
2025-10-15T11:20:00+05:30,42.5,43.55,40.05,40.2,892050,5797575,NSE_FO|45255|20-10-2025,25150,PE,2025-10-20,2025-10-15 11:20:00+05:30
2025-10-15T11:15:00+05:30,42.95,43.45,41.8,42.45,619350,5841525,NSE_FO|45255|20-10-2025,25150,PE,2025-10-20,2025-10-15 11:15:00+05:30
2025-10-15T11:10:00+05:30,42.5,43.6,41.95,42.9,688500,5840625,NSE_FO|45255|20-10-2025,25150,PE,2025-10-20,2025-10-15 11:10:00+05:30
2025-10-15T11:05:00+05:30,41.7,43.45,41.0,42.5,875325,5892000,NSE_FO|45255|20-10-2025,25150,PE,2025-10-20,2025-10-15 11:05:00+05:30
2025-10-15T11:00:00+05:30,38.65,42.35,38.05,41.8,1492800,5915625,NSE_FO|45255|20-10-2025,25150,PE,2025-10-20,2025-10-15 11:00:00+05:30
2025-10-15T10:55:00+05:30,39.65,41.8,38.05,38.7,1616775,5686200,NSE_FO|45255|20-10-2025,25150,PE,2025-10-20,2025-10-15 10:55:00+05:30
2025-10-15T10:50:00+05:30,44.7,46.0,38.9,39.65,1871475,5586900,NSE_FO|45255|20-10-2025,25150,PE,2025-10-20,2025-10-15 10:50:00+05:30
2025-10-15T10:45:00+05:30,43.7,45.95,43.55,44.65,1231350,5494725,NSE_FO|45255|20-10-2025,25150,PE,2025-10-20,2025-10-15 10:45:00+05:30
2025-10-15T10:40:00+05:30,43.65,44.75,42.45,43.75,770100,5350800,NSE_FO|45255|20-10-2025,25150,PE,2025-10-20,2025-10-15 10:40:00+05:30
2025-10-15T10:35:00+05:30,42.3,45.1,41.35,43.7,1648050,5124150,NSE_FO|45255|20-10-2025,25150,PE,2025-10-20,2025-10-15 10:35:00+05:30
2025-10-15T10:30:00+05:30,46.25,46.45,42.05,42.15,1407750,4972800,NSE_FO|45255|20-10-2025,25150,PE,2025-10-20,2025-10-15 10:30:00+05:30
2025-10-15T10:25:00+05:30,45.85,47.25,44.65,46.2,1310175,4903950,NSE_FO|45255|20-10-2025,25150,PE,2025-10-20,2025-10-15 10:25:00+05:30
2025-10-15T10:20:00+05:30,52.6,53.75,45.55,45.7,2478375,4700400,NSE_FO|45255|20-10-2025,25150,PE,2025-10-20,2025-10-15 10:20:00+05:30
2025-10-15T10:15:00+05:30,53.0,53.8,50.35,52.7,1452000,4619850,NSE_FO|45255|20-10-2025,25150,PE,2025-10-20,2025-10-15 10:15:00+05:30
2025-10-15T10:10:00+05:30,59.5,60.2,52.4,52.8,2064600,4423950,NSE_FO|45255|20-10-2025,25150,PE,2025-10-20,2025-10-15 10:10:00+05:30
2025-10-15T10:05:00+05:30,65.85,67.0,58.6,59.65,1537950,4470525,NSE_FO|45255|20-10-2025,25150,PE,2025-10-20,2025-10-15 10:05:00+05:30
2025-10-15T10:00:00+05:30,66.9,67.85,61.35,65.7,1808025,4380075,NSE_FO|45255|20-10-2025,25150,PE,2025-10-20,2025-10-15 10:00:00+05:30
2025-10-15T09:55:00+05:30,61.85,67.2,60.3,66.75,1949475,4252650,NSE_FO|45255|20-10-2025,25150,PE,2025-10-20,2025-10-15 09:55:00+05:30
2025-10-15T09:50:00+05:30,65.1,69.8,61.5,61.85,3170175,4230975,NSE_FO|45255|20-10-2025,25150,PE,2025-10-20,2025-10-15 09:50:00+05:30
2025-10-15T09:45:00+05:30,63.4,67.15,58.3,65.15,3048300,4192650,NSE_FO|45255|20-10-2025,25150,PE,2025-10-20,2025-10-15 09:45:00+05:30
2025-10-15T09:40:00+05:30,61.55,66.6,59.45,63.45,3547350,4233375,NSE_FO|45255|20-10-2025,25150,PE,2025-10-20,2025-10-15 09:40:00+05:30
2025-10-15T09:35:00+05:30,54.55,63.0,54.0,61.5,3854550,4368600,NSE_FO|45255|20-10-2025,25150,PE,2025-10-20,2025-10-15 09:35:00+05:30
2025-10-15T09:30:00+05:30,54.3,55.2,51.05,54.7,1681350,4046325,NSE_FO|45255|20-10-2025,25150,PE,2025-10-20,2025-10-15 09:30:00+05:30
2025-10-15T09:25:00+05:30,57.65,58.3,53.15,54.3,2024475,3738225,NSE_FO|45255|20-10-2025,25150,PE,2025-10-20,2025-10-15 09:25:00+05:30
2025-10-15T09:20:00+05:30,58.3,59.9,54.35,57.6,3298500,3287550,NSE_FO|45255|20-10-2025,25150,PE,2025-10-20,2025-10-15 09:20:00+05:30
2025-10-15T09:15:00+05:30,118.0,118.0,57.95,58.35,5751225,2877000,NSE_FO|45255|20-10-2025,25150,PE,2025-10-20,2025-10-15 09:15:00+05:30
2025-10-14T15:25:00+05:30,126.15,139.0,126.15,137.7,916950,1657725,NSE_FO|45255|20-10-2025,25150,PE,2025-10-20,2025-10-14 15:25:00+05:30
2025-10-14T15:20:00+05:30,120.1,126.7,119.4,126.6,762975,1697250,NSE_FO|45255|20-10-2025,25150,PE,2025-10-20,2025-10-14 15:20:00+05:30
2025-10-14T15:15:00+05:30,120.0,122.25,115.3,120.05,598125,1704600,NSE_FO|45255|20-10-2025,25150,PE,2025-10-20,2025-10-14 15:15:00+05:30
2025-10-14T15:10:00+05:30,118.9,124.4,118.6,120.25,752700,1705125,NSE_FO|45255|20-10-2025,25150,PE,2025-10-20,2025-10-14 15:10:00+05:30
2025-10-14T15:05:00+05:30,114.75,119.0,112.5,118.8,453600,1707900,NSE_FO|45255|20-10-2025,25150,PE,2025-10-20,2025-10-14 15:05:00+05:30
2025-10-14T15:00:00+05:30,111.15,116.25,109.35,114.7,364575,1697700,NSE_FO|45255|20-10-2025,25150,PE,2025-10-20,2025-10-14 15:00:00+05:30
2025-10-14T14:55:00+05:30,110.0,114.15,107.7,111.5,275475,1647375,NSE_FO|45255|20-10-2025,25150,PE,2025-10-20,2025-10-14 14:55:00+05:30
2025-10-14T14:50:00+05:30,113.25,115.95,108.35,110.5,398400,1624425,NSE_FO|45255|20-10-2025,25150,PE,2025-10-20,2025-10-14 14:50:00+05:30
2025-10-14T14:45:00+05:30,108.65,120.45,102.9,113.2,575175,1546275,NSE_FO|45255|20-10-2025,25150,PE,2025-10-20,2025-10-14 14:45:00+05:30
2025-10-14T14:40:00+05:30,104.05,111.6,102.0,109.1,408225,1540800,NSE_FO|45255|20-10-2025,25150,PE,2025-10-20,2025-10-14 14:40:00+05:30
2025-10-14T14:35:00+05:30,108.45,109.35,97.5,104.5,675450,1539375,NSE_FO|45255|20-10-2025,25150,PE,2025-10-20,2025-10-14 14:35:00+05:30
2025-10-14T14:30:00+05:30,124.0,124.0,104.4,108.3,759150,1509900,NSE_FO|45255|20-10-2025,25150,PE,2025-10-20,2025-10-14 14:30:00+05:30
2025-10-14T14:25:00+05:30,125.65,128.95,118.15,124.25,474375,1550775,NSE_FO|45255|20-10-2025,25150,PE,2025-10-20,2025-10-14 14:25:00+05:30
2025-10-14T14:20:00+05:30,141.0,147.6,125.3,125.55,244950,1504950,NSE_FO|45255|20-10-2025,25150,PE,2025-10-20,2025-10-14 14:20:00+05:30
2025-10-14T14:15:00+05:30,136.3,144.4,132.0,141.35,188250,1504725,NSE_FO|45255|20-10-2025,25150,PE,2025-10-20,2025-10-14 14:15:00+05:30
2025-10-14T14:10:00+05:30,132.15,146.8,132.0,135.9,331575,1473525,NSE_FO|45255|20-10-2025,25150,PE,2025-10-20,2025-10-14 14:10:00+05:30
2025-10-14T14:05:00+05:30,130.55,135.5,127.55,132.3,220875,1487100,NSE_FO|45255|20-10-2025,25150,PE,2025-10-20,2025-10-14 14:05:00+05:30
2025-10-14T14:00:00+05:30,141.0,143.15,130.6,130.6,205575,1478850,NSE_FO|45255|20-10-2025,25150,PE,2025-10-20,2025-10-14 14:00:00+05:30
2025-10-14T13:55:00+05:30,151.35,152.65,139.65,141.65,160425,1459425,NSE_FO|45255|20-10-2025,25150,PE,2025-10-20,2025-10-14 13:55:00+05:30
2025-10-14T13:45:00+05:30,143.65,150.35,138.7,142.8,225750,1437600,NSE_FO|45255|20-10-2025,25150,PE,2025-10-20,2025-10-14 13:45:00+05:30
2025-10-14T13:40:00+05:30,145.25,147.6,135.7,143.95,242925,1389000,NSE_FO|45255|20-10-2025,25150,PE,2025-10-20,2025-10-14 13:40:00+05:30
2025-10-14T13:35:00+05:30,143.3,149.5,139.25,145.9,278550,1333050,NSE_FO|45255|20-10-2025,25150,PE,2025-10-20,2025-10-14 13:35:00+05:30
2025-10-14T13:30:00+05:30,157.9,158.0,139.65,143.75,304350,1321200,NSE_FO|45255|20-10-2025,25150,PE,2025-10-20,2025-10-14 13:30:00+05:30
2025-10-14T12:20:00+05:30,141.1,147.95,137.7,138.75,188175,905475,NSE_FO|45255|20-10-2025,25150,PE,2025-10-20,2025-10-14 12:20:00+05:30
2025-10-14T12:15:00+05:30,144.25,150.0,137.5,141.05,241275,891975,NSE_FO|45255|20-10-2025,25150,PE,2025-10-20,2025-10-14 12:15:00+05:30
2025-10-14T12:10:00+05:30,143.0,153.0,140.15,144.1,580050,872700,NSE_FO|45255|20-10-2025,25150,PE,2025-10-20,2025-10-14 12:10:00+05:30
2025-10-14T12:05:00+05:30,126.85,144.5,126.85,142.85,533475,964950,NSE_FO|45255|20-10-2025,25150,PE,2025-10-20,2025-10-14 12:05:00+05:30
2025-10-14T12:00:00+05:30,124.45,129.4,120.4,126.7,211050,933825,NSE_FO|45255|20-10-2025,25150,PE,2025-10-20,2025-10-14 12:00:00+05:30
2025-10-14T11:55:00+05:30,129.0,132.45,121.5,124.15,214950,941250,NSE_FO|45255|20-10-2025,25150,PE,2025-10-20,2025-10-14 11:55:00+05:30
2025-10-14T11:50:00+05:30,131.9,137.25,127.65,129.2,172425,924000,NSE_FO|45255|20-10-2025,25150,PE,2025-10-20,2025-10-14 11:50:00+05:30
2025-10-14T11:45:00+05:30,130.9,141.35,128.6,132.2,308700,912300,NSE_FO|45255|20-10-2025,25150,PE,2025-10-20,2025-10-14 11:45:00+05:30
2025-10-14T11:40:00+05:30,128.1,131.8,122.95,130.45,213150,933975,NSE_FO|45255|20-10-2025,25150,PE,2025-10-20,2025-10-14 11:40:00+05:30
2025-10-14T11:35:00+05:30,136.0,137.05,127.65,127.8,194925,897075,NSE_FO|45255|20-10-2025,25150,PE,2025-10-20,2025-10-14 11:35:00+05:30
2025-10-14T11:30:00+05:30,134.0,143.7,133.8,136.65,348900,882600,NSE_FO|45255|20-10-2025,25150,PE,2025-10-20,2025-10-14 11:30:00+05:30
2025-10-14T11:25:00+05:30,135.15,145.0,130.9,133.65,474600,886950,NSE_FO|45255|20-10-2025,25150,PE,2025-10-20,2025-10-14 11:25:00+05:30
2025-10-14T11:20:00+05:30,131.55,136.7,126.95,135.25,458025,917400,NSE_FO|45255|20-10-2025,25150,PE,2025-10-20,2025-10-14 11:20:00+05:30
2025-10-14T11:15:00+05:30,113.4,135.0,113.4,131.45,678825,909375,NSE_FO|45255|20-10-2025,25150,PE,2025-10-20,2025-10-14 11:15:00+05:30
2025-10-14T11:10:00+05:30,116.7,122.7,110.75,113.3,438375,905850,NSE_FO|45255|20-10-2025,25150,PE,2025-10-20,2025-10-14 11:10:00+05:30
2025-10-14T11:05:00+05:30,103.6,120.85,102.05,116.5,441525,888300,NSE_FO|45255|20-10-2025,25150,PE,2025-10-20,2025-10-14 11:05:00+05:30
2025-10-14T11:00:00+05:30,101.25,106.75,100.0,103.45,232725,909600,NSE_FO|45255|20-10-2025,25150,PE,2025-10-20,2025-10-14 11:00:00+05:30
2025-10-14T10:55:00+05:30,99.85,101.95,93.6,100.95,88200,933900,NSE_FO|45255|20-10-2025,25150,PE,2025-10-20,2025-10-14 10:55:00+05:30
2025-10-14T10:50:00+05:30,97.0,103.0,96.8,98.6,137775,931875,NSE_FO|45255|20-10-2025,25150,PE,2025-10-20,2025-10-14 10:50:00+05:30
2025-10-14T10:45:00+05:30,94.65,97.15,85.45,97.0,231825,933300,NSE_FO|45255|20-10-2025,25150,PE,2025-10-20,2025-10-14 10:45:00+05:30
2025-10-14T10:40:00+05:30,101.05,103.85,94.15,94.6,231825,924300,NSE_FO|45255|20-10-2025,25150,PE,2025-10-20,2025-10-14 10:40:00+05:30
2025-10-14T10:35:00+05:30,98.45,105.45,96.45,101.25,153525,881625,NSE_FO|45255|20-10-2025,25150,PE,2025-10-20,2025-10-14 10:35:00+05:30
2025-10-14T10:30:00+05:30,99.05,103.85,96.95,98.55,172050,886575,NSE_FO|45255|20-10-2025,25150,PE,2025-10-20,2025-10-14 10:30:00+05:30
2025-10-14T10:25:00+05:30,105.65,107.1,96.45,99.4,203775,857850,NSE_FO|45255|20-10-2025,25150,PE,2025-10-20,2025-10-14 10:25:00+05:30
2025-10-14T10:20:00+05:30,111.4,119.95,104.2,104.8,407625,858525,NSE_FO|45255|20-10-2025,25150,PE,2025-10-20,2025-10-14 10:20:00+05:30
2025-10-14T10:15:00+05:30,106.0,117.15,103.15,111.65,398550,798525,NSE_FO|45255|20-10-2025,25150,PE,2025-10-20,2025-10-14 10:15:00+05:30
2025-10-14T10:10:00+05:30,103.75,108.55,99.4,105.45,233400,778350,NSE_FO|45255|20-10-2025,25150,PE,2025-10-20,2025-10-14 10:10:00+05:30
2025-10-14T10:05:00+05:30,105.5,116.1,102.75,103.9,305175,741075,NSE_FO|45255|20-10-2025,25150,PE,2025-10-20,2025-10-14 10:05:00+05:30
2025-10-14T10:00:00+05:30,92.95,113.8,86.8,105.45,473250,714450,NSE_FO|45255|20-10-2025,25150,PE,2025-10-20,2025-10-14 10:00:00+05:30
2025-10-14T09:55:00+05:30,87.2,94.95,87.1,92.9,218700,747900,NSE_FO|45255|20-10-2025,25150,PE,2025-10-20,2025-10-14 09:55:00+05:30
2025-10-14T09:50:00+05:30,83.6,89.2,81.5,87.4,170025,746025,NSE_FO|45255|20-10-2025,25150,PE,2025-10-20,2025-10-14 09:50:00+05:30
2025-10-14T09:45:00+05:30,84.5,89.35,77.75,83.3,244725,735375,NSE_FO|45255|20-10-2025,25150,PE,2025-10-20,2025-10-14 09:45:00+05:30
2025-10-14T09:40:00+05:30,77.8,86.0,71.35,84.3,244050,735675,NSE_FO|45255|20-10-2025,25150,PE,2025-10-20,2025-10-14 09:40:00+05:30
2025-10-14T09:35:00+05:30,67.75,78.5,64.9,77.8,162375,759300,NSE_FO|45255|20-10-2025,25150,PE,2025-10-20,2025-10-14 09:35:00+05:30
2025-10-14T09:30:00+05:30,64.7,68.3,63.15,67.5,85500,742500,NSE_FO|45255|20-10-2025,25150,PE,2025-10-20,2025-10-14 09:30:00+05:30
2025-10-14T09:25:00+05:30,62.95,67.25,61.7,64.8,127500,706050,NSE_FO|45255|20-10-2025,25150,PE,2025-10-20,2025-10-14 09:25:00+05:30
2025-10-14T09:20:00+05:30,67.3,67.75,61.35,62.85,173550,697575,NSE_FO|45255|20-10-2025,25150,PE,2025-10-20,2025-10-14 09:20:00+05:30
2025-10-14T09:15:00+05:30,83.0,83.0,66.85,67.45,410475,683250,NSE_FO|45255|20-10-2025,25150,PE,2025-10-20,2025-10-14 09:15:00+05:30
2025-10-13T15:25:00+05:30,84.4,85.75,81.0,83.45,103050,627825,NSE_FO|45255|20-10-2025,25150,PE,2025-10-20,2025-10-13 15:25:00+05:30
2025-10-13T15:20:00+05:30,85.9,86.8,81.9,84.15,95625,662175,NSE_FO|45255|20-10-2025,25150,PE,2025-10-20,2025-10-13 15:20:00+05:30
2025-10-13T15:15:00+05:30,90.5,90.75,84.5,85.85,73050,673350,NSE_FO|45255|20-10-2025,25150,PE,2025-10-20,2025-10-13 15:15:00+05:30
2025-10-13T15:10:00+05:30,91.45,92.0,89.4,90.2,74775,691875,NSE_FO|45255|20-10-2025,25150,PE,2025-10-20,2025-10-13 15:10:00+05:30
2025-10-13T15:05:00+05:30,93.5,93.6,89.25,91.25,89475,711000,NSE_FO|45255|20-10-2025,25150,PE,2025-10-20,2025-10-13 15:05:00+05:30
2025-10-13T15:00:00+05:30,84.85,93.45,84.75,93.3,187725,714450,NSE_FO|45255|20-10-2025,25150,PE,2025-10-20,2025-10-13 15:00:00+05:30
2025-10-13T14:55:00+05:30,81.95,85.5,81.6,85.45,30075,698850,NSE_FO|45255|20-10-2025,25150,PE,2025-10-20,2025-10-13 14:55:00+05:30
2025-10-13T14:50:00+05:30,85.5,86.1,81.25,82.0,37725,699300,NSE_FO|45255|20-10-2025,25150,PE,2025-10-20,2025-10-13 14:50:00+05:30
2025-10-13T14:45:00+05:30,83.6,86.5,82.0,85.5,42150,698175,NSE_FO|45255|20-10-2025,25150,PE,2025-10-20,2025-10-13 14:45:00+05:30
2025-10-13T14:40:00+05:30,83.95,87.55,83.2,83.2,64350,691500,NSE_FO|45255|20-10-2025,25150,PE,2025-10-20,2025-10-13 14:40:00+05:30
2025-10-13T14:35:00+05:30,83.2,84.0,80.45,84.0,51525,695550,NSE_FO|45255|20-10-2025,25150,PE,2025-10-20,2025-10-13 14:35:00+05:30
2025-10-13T14:30:00+05:30,83.4,83.85,80.15,83.1,94725,688425,NSE_FO|45255|20-10-2025,25150,PE,2025-10-20,2025-10-13 14:30:00+05:30
2025-10-13T14:25:00+05:30,90.55,90.55,80.9,83.6,168450,679500,NSE_FO|45255|20-10-2025,25150,PE,2025-10-20,2025-10-13 14:25:00+05:30
2025-10-13T14:20:00+05:30,99.45,100.35,90.3,90.4,182625,750075,NSE_FO|45255|20-10-2025,25150,PE,2025-10-20,2025-10-13 14:20:00+05:30
2025-10-13T14:15:00+05:30,100.0,100.6,98.1,99.4,26175,754800,NSE_FO|45255|20-10-2025,25150,PE,2025-10-20,2025-10-13 14:15:00+05:30
2025-10-13T14:10:00+05:30,98.3,101.1,97.3,100.5,46050,758400,NSE_FO|45255|20-10-2025,25150,PE,2025-10-20,2025-10-13 14:10:00+05:30
2025-10-13T14:05:00+05:30,100.05,100.95,96.6,98.4,60075,754350,NSE_FO|45255|20-10-2025,25150,PE,2025-10-20,2025-10-13 14:05:00+05:30
2025-10-13T14:00:00+05:30,107.0,107.0,100.45,100.45,34425,748425,NSE_FO|45255|20-10-2025,25150,PE,2025-10-20,2025-10-13 14:00:00+05:30
2025-10-13T13:55:00+05:30,104.05,108.6,103.75,107.05,48000,750675,NSE_FO|45255|20-10-2025,25150,PE,2025-10-20,2025-10-13 13:55:00+05:30
2025-10-13T13:50:00+05:30,102.95,105.75,102.25,104.0,29025,752325,NSE_FO|45255|20-10-2025,25150,PE,2025-10-20,2025-10-13 13:50:00+05:30
2025-10-13T13:45:00+05:30,105.85,106.0,102.05,102.6,38025,750750,NSE_FO|45255|20-10-2025,25150,PE,2025-10-20,2025-10-13 13:45:00+05:30
2025-10-13T13:40:00+05:30,104.05,106.0,103.45,105.9,12150,746175,NSE_FO|45255|20-10-2025,25150,PE,2025-10-20,2025-10-13 13:40:00+05:30
2025-10-13T13:35:00+05:30,102.45,105.7,102.0,104.1,19275,750375,NSE_FO|45255|20-10-2025,25150,PE,2025-10-20,2025-10-13 13:35:00+05:30
2025-10-13T13:30:00+05:30,109.7,110.0,99.45,102.2,90300,747600,NSE_FO|45255|20-10-2025,25150,PE,2025-10-20,2025-10-13 13:30:00+05:30
2025-10-13T13:25:00+05:30,109.05,109.6,106.35,109.6,32625,756150,NSE_FO|45255|20-10-2025,25150,PE,2025-10-20,2025-10-13 13:25:00+05:30
2025-10-13T13:20:00+05:30,106.8,109.1,104.75,108.45,56025,754275,NSE_FO|45255|20-10-2025,25150,PE,2025-10-20,2025-10-13 13:20:00+05:30
2025-10-13T13:15:00+05:30,105.55,107.0,103.7,106.75,78150,749625,NSE_FO|45255|20-10-2025,25150,PE,2025-10-20,2025-10-13 13:15:00+05:30
2025-10-13T13:10:00+05:30,109.2,109.2,103.8,105.3,35025,750525,NSE_FO|45255|20-10-2025,25150,PE,2025-10-20,2025-10-13 13:10:00+05:30
2025-10-13T13:05:00+05:30,110.3,110.4,107.65,109.6,38775,741750,NSE_FO|45255|20-10-2025,25150,PE,2025-10-20,2025-10-13 13:05:00+05:30
2025-10-13T13:00:00+05:30,101.0,111.0,101.0,110.1,73650,743475,NSE_FO|45255|20-10-2025,25150,PE,2025-10-20,2025-10-13 13:00:00+05:30
2025-10-13T12:55:00+05:30,105.65,106.75,100.3,101.35,62025,742800,NSE_FO|45255|20-10-2025,25150,PE,2025-10-20,2025-10-13 12:55:00+05:30
2025-10-13T12:50:00+05:30,110.25,112.0,105.5,105.65,40425,741900,NSE_FO|45255|20-10-2025,25150,PE,2025-10-20,2025-10-13 12:50:00+05:30
2025-10-13T12:45:00+05:30,107.05,110.55,101.95,110.2,127275,745500,NSE_FO|45255|20-10-2025,25150,PE,2025-10-20,2025-10-13 12:45:00+05:30
2025-10-13T12:40:00+05:30,111.85,112.2,106.65,106.75,52725,773175,NSE_FO|45255|20-10-2025,25150,PE,2025-10-20,2025-10-13 12:40:00+05:30
2025-10-13T12:35:00+05:30,113.35,113.8,110.0,112.25,27300,762975,NSE_FO|45255|20-10-2025,25150,PE,2025-10-20,2025-10-13 12:35:00+05:30
2025-10-13T12:30:00+05:30,110.4,113.9,108.35,113.35,44625,760950,NSE_FO|45255|20-10-2025,25150,PE,2025-10-20,2025-10-13 12:30:00+05:30
2025-10-13T12:25:00+05:30,115.05,115.5,108.7,110.05,25050,752025,NSE_FO|45255|20-10-2025,25150,PE,2025-10-20,2025-10-13 12:25:00+05:30
2025-10-13T12:20:00+05:30,114.15,115.35,112.7,115.15,29025,748425,NSE_FO|45255|20-10-2025,25150,PE,2025-10-20,2025-10-13 12:20:00+05:30
2025-10-13T12:15:00+05:30,111.1,114.35,111.0,114.35,36600,755250,NSE_FO|45255|20-10-2025,25150,PE,2025-10-20,2025-10-13 12:15:00+05:30
2025-10-13T12:10:00+05:30,113.45,113.7,108.4,111.25,67800,756750,NSE_FO|45255|20-10-2025,25150,PE,2025-10-20,2025-10-13 12:10:00+05:30
2025-10-13T12:05:00+05:30,113.0,114.0,110.9,113.4,35400,754125,NSE_FO|45255|20-10-2025,25150,PE,2025-10-20,2025-10-13 12:05:00+05:30
2025-10-13T12:00:00+05:30,108.5,113.9,107.4,113.0,120375,721350,NSE_FO|45255|20-10-2025,25150,PE,2025-10-20,2025-10-13 12:00:00+05:30
2025-10-13T11:55:00+05:30,112.0,113.3,108.5,108.5,73725,704625,NSE_FO|45255|20-10-2025,25150,PE,2025-10-20,2025-10-13 11:55:00+05:30
2025-10-13T11:50:00+05:30,112.8,115.75,111.25,112.0,42975,659775,NSE_FO|45255|20-10-2025,25150,PE,2025-10-20,2025-10-13 11:50:00+05:30
2025-10-13T11:45:00+05:30,119.5,123.6,112.85,112.85,136800,656625,NSE_FO|45255|20-10-2025,25150,PE,2025-10-20,2025-10-13 11:45:00+05:30
2025-10-13T11:40:00+05:30,117.05,121.0,114.2,118.45,51600,654225,NSE_FO|45255|20-10-2025,25150,PE,2025-10-20,2025-10-13 11:40:00+05:30
2025-10-13T11:35:00+05:30,118.0,119.65,116.0,118.2,24075,648150,NSE_FO|45255|20-10-2025,25150,PE,2025-10-20,2025-10-13 11:35:00+05:30
2025-10-13T11:30:00+05:30,117.75,120.45,116.3,117.0,104250,642150,NSE_FO|45255|20-10-2025,25150,PE,2025-10-20,2025-10-13 11:30:00+05:30
2025-10-13T11:25:00+05:30,126.1,126.75,116.45,117.85,125250,642225,NSE_FO|45255|20-10-2025,25150,PE,2025-10-20,2025-10-13 11:25:00+05:30
2025-10-13T11:20:00+05:30,118.3,127.7,115.0,126.05,240900,662025,NSE_FO|45255|20-10-2025,25150,PE,2025-10-20,2025-10-13 11:20:00+05:30
2025-10-13T11:15:00+05:30,113.4,120.95,111.6,117.85,165900,669450,NSE_FO|45255|20-10-2025,25150,PE,2025-10-20,2025-10-13 11:15:00+05:30
2025-10-13T11:10:00+05:30,110.9,114.4,109.75,113.6,25350,696675,NSE_FO|45255|20-10-2025,25150,PE,2025-10-20,2025-10-13 11:10:00+05:30
2025-10-13T11:05:00+05:30,110.6,114.6,109.25,110.95,38925,691875,NSE_FO|45255|20-10-2025,25150,PE,2025-10-20,2025-10-13 11:05:00+05:30
2025-10-13T11:00:00+05:30,114.0,116.3,110.15,110.15,74100,689475,NSE_FO|45255|20-10-2025,25150,PE,2025-10-20,2025-10-13 11:00:00+05:30
2025-10-13T10:55:00+05:30,111.0,115.05,110.2,112.7,189675,688050,NSE_FO|45255|20-10-2025,25150,PE,2025-10-20,2025-10-13 10:55:00+05:30
2025-10-13T10:50:00+05:30,107.0,111.0,106.0,110.75,52350,640800,NSE_FO|45255|20-10-2025,25150,PE,2025-10-20,2025-10-13 10:50:00+05:30
2025-10-13T10:45:00+05:30,106.0,108.5,103.65,107.15,70725,641250,NSE_FO|45255|20-10-2025,25150,PE,2025-10-20,2025-10-13 10:45:00+05:30
2025-10-13T10:40:00+05:30,103.65,105.8,100.0,105.8,109575,637050,NSE_FO|45255|20-10-2025,25150,PE,2025-10-20,2025-10-13 10:40:00+05:30
2025-10-13T10:35:00+05:30,105.3,105.3,101.0,103.55,46200,666975,NSE_FO|45255|20-10-2025,25150,PE,2025-10-20,2025-10-13 10:35:00+05:30
2025-10-13T10:30:00+05:30,105.8,107.1,101.5,105.1,152700,666750,NSE_FO|45255|20-10-2025,25150,PE,2025-10-20,2025-10-13 10:30:00+05:30
2025-10-13T10:25:00+05:30,111.5,114.55,105.5,105.6,65400,725325,NSE_FO|45255|20-10-2025,25150,PE,2025-10-20,2025-10-13 10:25:00+05:30
2025-10-13T10:20:00+05:30,113.2,117.45,110.6,111.55,101625,709950,NSE_FO|45255|20-10-2025,25150,PE,2025-10-20,2025-10-13 10:20:00+05:30
2025-10-13T10:15:00+05:30,108.0,114.6,106.15,113.1,88875,724200,NSE_FO|45255|20-10-2025,25150,PE,2025-10-20,2025-10-13 10:15:00+05:30
2025-10-13T10:10:00+05:30,106.35,109.5,104.0,107.5,44925,697650,NSE_FO|45255|20-10-2025,25150,PE,2025-10-20,2025-10-13 10:10:00+05:30
2025-10-13T10:05:00+05:30,109.65,115.95,106.0,106.0,121800,693975,NSE_FO|45255|20-10-2025,25150,PE,2025-10-20,2025-10-13 10:05:00+05:30
2025-10-13T10:00:00+05:30,106.55,113.3,105.0,109.9,81825,718350,NSE_FO|45255|20-10-2025,25150,PE,2025-10-20,2025-10-13 10:00:00+05:30
2025-10-13T09:55:00+05:30,107.9,111.7,104.0,106.3,116100,699075,NSE_FO|45255|20-10-2025,25150,PE,2025-10-20,2025-10-13 09:55:00+05:30
2025-10-13T09:50:00+05:30,97.3,108.6,97.3,108.3,89925,713775,NSE_FO|45255|20-10-2025,25150,PE,2025-10-20,2025-10-13 09:50:00+05:30
2025-10-13T09:45:00+05:30,104.25,106.25,95.0,97.6,194025,707100,NSE_FO|45255|20-10-2025,25150,PE,2025-10-20,2025-10-13 09:45:00+05:30
2025-10-13T09:40:00+05:30,105.6,109.55,100.0,104.15,218250,686775,NSE_FO|45255|20-10-2025,25150,PE,2025-10-20,2025-10-13 09:40:00+05:30
2025-10-13T09:35:00+05:30,122.3,126.25,103.8,105.6,370125,653550,NSE_FO|45255|20-10-2025,25150,PE,2025-10-20,2025-10-13 09:35:00+05:30
2025-10-13T09:30:00+05:30,109.8,125.0,108.55,121.9,347475,540600,NSE_FO|45255|20-10-2025,25150,PE,2025-10-20,2025-10-13 09:30:00+05:30
2025-10-13T09:25:00+05:30,102.95,110.95,101.7,109.55,210525,548775,NSE_FO|45255|20-10-2025,25150,PE,2025-10-20,2025-10-13 09:25:00+05:30
2025-10-13T09:20:00+05:30,100.0,106.45,97.4,102.85,184500,501825,NSE_FO|45255|20-10-2025,25150,PE,2025-10-20,2025-10-13 09:20:00+05:30
2025-10-13T09:15:00+05:30,89.5,111.65,80.05,100.15,534600,460950,NSE_FO|45255|20-10-2025,25150,PE,2025-10-20,2025-10-13 09:15:00+05:30
2025-10-14T15:25:00+05:30,141.75,145.0,140.55,145.0,695325,1778925,NSE_FO|45254|20-10-2025,25150,CE,2025-10-20,2025-10-14 15:25:00+05:30
2025-10-14T15:20:00+05:30,148.05,149.6,141.2,141.9,569925,1662075,NSE_FO|45254|20-10-2025,25150,CE,2025-10-20,2025-10-14 15:20:00+05:30
2025-10-14T15:15:00+05:30,151.65,154.65,146.0,148.1,479925,1587975,NSE_FO|45254|20-10-2025,25150,CE,2025-10-20,2025-10-14 15:15:00+05:30
2025-10-14T14:20:00+05:30,140.05,150.0,133.85,149.4,369525,1777650,NSE_FO|45254|20-10-2025,25150,CE,2025-10-20,2025-10-14 14:20:00+05:30
2025-10-14T14:15:00+05:30,144.0,147.0,137.0,139.2,254250,1742400,NSE_FO|45254|20-10-2025,25150,CE,2025-10-20,2025-10-14 14:15:00+05:30
2025-10-14T14:10:00+05:30,148.8,148.8,137.0,144.3,268125,1684350,NSE_FO|45254|20-10-2025,25150,CE,2025-10-20,2025-10-14 14:10:00+05:30
2025-10-14T14:05:00+05:30,149.6,152.0,145.55,148.8,318900,1667175,NSE_FO|45254|20-10-2025,25150,CE,2025-10-20,2025-10-14 14:05:00+05:30
2025-10-14T14:00:00+05:30,144.25,149.5,139.8,149.2,266325,1666425,NSE_FO|45254|20-10-2025,25150,CE,2025-10-20,2025-10-14 14:00:00+05:30
2025-10-14T13:55:00+05:30,136.55,145.0,136.0,144.25,206250,1659300,NSE_FO|45254|20-10-2025,25150,CE,2025-10-20,2025-10-14 13:55:00+05:30
2025-10-14T13:50:00+05:30,145.9,147.15,135.3,136.9,261075,1662600,NSE_FO|45254|20-10-2025,25150,CE,2025-10-20,2025-10-14 13:50:00+05:30
2025-10-14T13:45:00+05:30,145.25,148.8,139.0,145.6,366375,1644150,NSE_FO|45254|20-10-2025,25150,CE,2025-10-20,2025-10-14 13:45:00+05:30
2025-10-14T13:40:00+05:30,143.6,152.0,142.1,145.35,342525,1603425,NSE_FO|45254|20-10-2025,25150,CE,2025-10-20,2025-10-14 13:40:00+05:30
2025-10-14T13:35:00+05:30,146.15,149.2,139.35,143.55,437175,1587750,NSE_FO|45254|20-10-2025,25150,CE,2025-10-20,2025-10-14 13:35:00+05:30
2025-10-14T13:30:00+05:30,137.6,147.5,137.0,146.0,419925,1583325,NSE_FO|45254|20-10-2025,25150,CE,2025-10-20,2025-10-14 13:30:00+05:30
2025-10-14T13:25:00+05:30,133.8,138.85,132.5,137.95,134250,1611450,NSE_FO|45254|20-10-2025,25150,CE,2025-10-20,2025-10-14 13:25:00+05:30
2025-10-14T13:20:00+05:30,128.75,135.0,127.2,133.75,129975,1604700,NSE_FO|45254|20-10-2025,25150,CE,2025-10-20,2025-10-14 13:20:00+05:30
2025-10-14T13:15:00+05:30,131.15,131.7,127.05,129.5,108375,1606500,NSE_FO|45254|20-10-2025,25150,CE,2025-10-20,2025-10-14 13:15:00+05:30
2025-10-14T13:10:00+05:30,129.4,133.0,126.0,131.15,218475,1573200,NSE_FO|45254|20-10-2025,25150,CE,2025-10-20,2025-10-14 13:10:00+05:30
2025-10-14T13:05:00+05:30,133.3,138.0,123.65,129.45,372450,1513800,NSE_FO|45254|20-10-2025,25150,CE,2025-10-20,2025-10-14 13:05:00+05:30
2025-10-14T13:00:00+05:30,137.6,140.0,131.35,133.55,160800,1517175,NSE_FO|45254|20-10-2025,25150,CE,2025-10-20,2025-10-14 13:00:00+05:30
2025-10-14T12:55:00+05:30,135.9,140.6,134.4,138.1,154950,1506075,NSE_FO|45254|20-10-2025,25150,CE,2025-10-20,2025-10-14 12:55:00+05:30
2025-10-14T12:50:00+05:30,134.8,137.8,132.85,135.9,99975,1516500,NSE_FO|45254|20-10-2025,25150,CE,2025-10-20,2025-10-14 12:50:00+05:30
2025-10-14T12:45:00+05:30,130.6,136.25,129.25,134.95,206025,1509675,NSE_FO|45254|20-10-2025,25150,CE,2025-10-20,2025-10-14 12:45:00+05:30
2025-10-14T12:40:00+05:30,129.1,132.9,123.75,130.6,408600,1464075,NSE_FO|45254|20-10-2025,25150,CE,2025-10-20,2025-10-14 12:40:00+05:30
2025-10-14T12:35:00+05:30,137.3,139.2,127.7,129.15,216675,1450950,NSE_FO|45254|20-10-2025,25150,CE,2025-10-20,2025-10-14 12:35:00+05:30
2025-10-14T12:30:00+05:30,133.0,137.8,132.3,137.3,264750,1397925,NSE_FO|45254|20-10-2025,25150,CE,2025-10-20,2025-10-14 12:30:00+05:30
2025-10-14T12:25:00+05:30,152.6,152.6,132.5,133.2,343725,1299525,NSE_FO|45254|20-10-2025,25150,CE,2025-10-20,2025-10-14 12:25:00+05:30
2025-10-14T12:10:00+05:30,151.75,153.95,144.0,149.7,392550,1199250,NSE_FO|45254|20-10-2025,25150,CE,2025-10-20,2025-10-14 12:10:00+05:30
