SignalTime,EntryTime,Slippage_Sec,Side,Strike,EntryPrice,ExitTime,ExitPrice,ExitReason,SL_Value,Initial_SL,TP1_Hit,PnL_Points,PnL_INR
2025-05-20 11:10:00+05:30,2025-05-20 11:15:00+05:30,300,BUY_PE,24950,149.44,2025-05-20 11:20:00+05:30,162.44,SL Hit,162.44,122.77,True,13.0,975.0
2025-05-20 11:40:00+05:30,2025-05-20 11:45:00+05:30,300,BUY_PE,24950,168.1,2025-05-20 11:50:00+05:30,181.1,SL Hit,181.1,141.43,True,13.0,975.0
2025-05-20 12:50:00+05:30,2025-05-20 12:55:00+05:30,300,BUY_PE,24950,204.1,2025-05-20 13:00:00+05:30,217.1,SL Hit,217.1,177.43,True,13.0,975.0
2025-05-20 14:05:00+05:30,2025-05-20 14:10:00+05:30,300,BUY_PE,24950,241.9,2025-05-20 14:15:00+05:30,254.9,SL Hit,254.9,215.23,True,13.0,975.0
2025-05-20 14:20:00+05:30,2025-05-20 14:25:00+05:30,300,BUY_PE,24950,261.95,2025-05-20 14:30:00+05:30,274.95,SL Hit,274.95,235.28,True,13.0,975.0
2025-05-21 11:50:00+05:30,2025-05-21 11:55:00+05:30,300,BUY_PE,24700,61.35,2025-05-21 12:00:00+05:30,74.35,SL Hit,74.35,45.6,True,13.0,975.0
2025-05-21 12:05:00+05:30,2025-05-21 12:10:00+05:30,300,BUY_PE,24700,78.15,2025-05-21 12:20:00+05:30,91.15,SL Hit,91.15,55.43,True,13.0,975.0
2025-05-21 12:35:00+05:30,2025-05-21 12:40:00+05:30,300,BUY_PE,24700,80.84,2025-05-21 12:45:00+05:30,93.84,SL Hit,93.84,54.17,True,13.0,975.0
2025-05-21 13:40:00+05:30,2025-05-21 13:45:00+05:30,300,BUY_PE,24700,91.35,2025-05-21 14:00:00+05:30,104.35,SL Hit,104.35,64.68,True,13.0,975.0
2025-05-21 14:10:00+05:30,2025-05-21 14:15:00+05:30,300,BUY_CE,24700,174.7,2025-05-21 14:20:00+05:30,187.7,SL Hit,187.7,148.03,True,13.0,975.0
2025-05-21 14:30:00+05:30,2025-05-21 14:35:00+05:30,300,BUY_CE,24700,181.5,2025-05-21 15:20:00+05:30,154.83,SL Hit,154.83,154.83,False,-26.67,-2000.25
2025-05-22 11:35:00+05:30,2025-05-22 11:40:00+05:30,300,BUY_PE,24650,120.6,2025-05-22 11:50:00+05:30,93.93,SL Hit,93.93,93.93,False,-26.67,-2000.25
2025-05-22 12:15:00+05:30,2025-05-22 12:20:00+05:30,300,BUY_PE,24650,123.9,2025-05-22 13:10:00+05:30,136.9,SL Hit,136.9,97.23,True,13.0,975.0
2025-05-22 13:40:00+05:30,2025-05-22 13:45:00+05:30,300,BUY_PE,24650,141.85,2025-05-22 14:40:00+05:30,154.85,SL Hit,154.85,115.18,True,13.0,975.0
2025-05-23 10:45:00+05:30,2025-05-23 10:50:00+05:30,300,BUY_CE,24650,388.95,2025-05-23 10:55:00+05:30,401.95,SL Hit,401.95,362.28,True,13.0,975.0
2025-05-23 11:00:00+05:30,2025-05-23 11:05:00+05:30,300,BUY_CE,24650,399.95,2025-05-23 11:30:00+05:30,412.95,SL Hit,412.95,373.28,True,13.0,975.0
2025-05-23 12:05:00+05:30,2025-05-23 12:10:00+05:30,300,BUY_CE,24650,352.75,2025-05-23 12:20:00+05:30,379.75,MACD/EMA Exit,365.75,326.08,True,27.0,2025.0
2025-05-23 12:50:00+05:30,2025-05-23 12:55:00+05:30,300,BUY_CE,24650,399.35,2025-05-23 13:05:00+05:30,412.35,SL Hit,412.35,372.68,True,13.0,975.0
2025-05-23 13:55:00+05:30,2025-05-23 14:00:00+05:30,300,BUY_CE,24650,375.5,2025-05-23 14:05:00+05:30,388.5,SL Hit,388.5,348.83,True,13.0,975.0
2025-05-23 14:15:00+05:30,2025-05-23 14:20:00+05:30,300,BUY_PE,24650,106.6,2025-05-23 14:35:00+05:30,119.6,SL Hit,119.6,91.17,True,13.0,975.0
2025-05-26 10:55:00+05:30,2025-05-26 11:00:00+05:30,300,BUY_CE,24950,249.05,2025-05-26 11:15:00+05:30,262.05,SL Hit,262.05,222.38,True,13.0,975.0
2025-05-26 11:25:00+05:30,2025-05-26 11:30:00+05:30,300,BUY_PE,24950,189.55,2025-05-26 11:35:00+05:30,202.55,SL Hit,202.55,162.88,True,13.0,975.0
2025-05-26 12:25:00+05:30,2025-05-26 12:30:00+05:30,300,BUY_CE,24950,257.8,2025-05-26 15:25:00+05:30,250.7,EOD Exit,231.13,231.13,False,-7.1,-532.5
2025-05-27 11:05:00+05:30,2025-05-27 11:10:00+05:30,300,BUY_CE,24900,206.05,2025-05-27 12:20:00+05:30,235.7,MACD/EMA Exit,219.05,179.38,True,29.65,2223.75
2025-05-27 13:00:00+05:30,2025-05-27 13:05:00+05:30,300,BUY_PE,24900,224.3,2025-05-27 14:40:00+05:30,237.3,SL Hit,237.3,197.63,True,13.0,975.0
2025-05-28 10:15:00+05:30,2025-05-28 10:20:00+05:30,300,BUY_PE,24800,169.45,2025-05-28 11:00:00+05:30,142.78,SL Hit,142.78,142.78,False,-26.67,-2000.25
2025-05-28 11:20:00+05:30,2025-05-28 11:25:00+05:30,300,BUY_PE,24800,150.25,2025-05-28 11:30:00+05:30,163.25,SL Hit,163.25,123.58,True,13.0,975.0
2025-05-28 11:50:00+05:30,2025-05-28 11:55:00+05:30,300,BUY_CE,24800,136.0,2025-05-28 12:30:00+05:30,149.0,SL Hit,149.0,110.85,True,13.0,975.0
2025-05-28 12:40:00+05:30,2025-05-28 12:45:00+05:30,300,BUY_CE,24800,145.19,2025-05-28 12:55:00+05:30,158.19,SL Hit,158.19,124.43,True,13.0,975.0
2025-05-28 14:05:00+05:30,2025-05-28 14:10:00+05:30,300,BUY_CE,24800,120.3,2025-05-28 15:00:00+05:30,99.69,SL Hit,99.69,99.69,False,-20.61,-1545.75
2025-05-29 10:15:00+05:30,2025-05-29 10:20:00+05:30,300,BUY_PE,24900,117.6,2025-05-29 11:45:00+05:30,191.15,MACD/EMA Exit,130.6,90.93,True,73.55,5516.25
2025-05-29 12:35:00+05:30,2025-05-29 12:40:00+05:30,300,BUY_PE,24900,243.35,2025-05-29 12:45:00+05:30,216.68,SL Hit,216.68,216.68,False,-26.67,-2000.25
2025-05-29 12:55:00+05:30,2025-05-29 13:00:00+05:30,300,BUY_CE,24900,17.95,2025-05-29 13:15:00+05:30,8.66,SL Hit,8.66,8.66,False,-9.29,-696.75
2025-05-29 13:50:00+05:30,2025-05-29 13:55:00+05:30,300,BUY_CE,24900,7.45,2025-05-29 15:25:00+05:30,0.05,EOD Exit,-0.03,-0.03,False,-7.4,-555.0
2025-05-30 10:35:00+05:30,2025-05-30 10:40:00+05:30,300,BUY_PE,24900,283.05,2025-05-30 10:45:00+05:30,296.05,SL Hit,296.05,256.38,True,13.0,975.0
2025-05-30 11:05:00+05:30,2025-05-30 11:10:00+05:30,300,BUY_PE,24900,270.1,2025-05-30 12:00:00+05:30,283.1,SL Hit,283.1,243.43,True,13.0,975.0
2025-05-30 12:40:00+05:30,2025-05-30 12:45:00+05:30,300,BUY_PE,24900,280.5,2025-05-30 13:55:00+05:30,257.07,SL Hit,257.07,257.07,False,-23.43,-1757.25
2025-06-02 10:55:00+05:30,2025-06-02 11:00:00+05:30,300,BUY_PE,24550,175.35,2025-06-02 12:30:00+05:30,150.64,SL Hit,150.64,150.64,False,-24.71,-1853.25
2025-06-02 12:35:00+05:30,2025-06-02 12:40:00+05:30,300,BUY_CE,24550,360.05,2025-06-02 12:55:00+05:30,333.38,SL Hit,333.38,333.38,False,-26.67,-2000.25
2025-06-02 13:40:00+05:30,2025-06-02 13:45:00+05:30,300,BUY_CE,24550,343.05,2025-06-02 13:55:00+05:30,316.38,SL Hit,316.38,316.38,False,-26.67,-2000.25
2025-06-02 14:15:00+05:30,2025-06-02 14:20:00+05:30,300,BUY_PE,24550,146.65,2025-06-02 14:35:00+05:30,159.65,SL Hit,159.65,129.91,True,13.0,975.0
2025-06-03 10:15:00+05:30,2025-06-03 10:20:00+05:30,300,BUY_CE,24700,236.75,2025-06-03 10:25:00+05:30,249.75,SL Hit,249.75,210.08,True,13.0,975.0
2025-06-03 10:40:00+05:30,2025-06-03 10:45:00+05:30,300,BUY_PE,24700,232.8,2025-06-03 11:15:00+05:30,245.8,SL Hit,245.8,206.13,True,13.0,975.0
2025-06-03 11:20:00+05:30,2025-06-03 11:25:00+05:30,300,BUY_PE,24700,249.95,2025-06-03 11:30:00+05:30,223.28,SL Hit,223.28,223.28,False,-26.67,-2000.25
2025-06-03 11:35:00+05:30,2025-06-03 11:40:00+05:30,300,BUY_PE,24700,238.25,2025-06-03 11:45:00+05:30,251.25,SL Hit,251.25,211.58,True,13.0,975.0
2025-06-03 12:15:00+05:30,2025-06-03 12:20:00+05:30,300,BUY_PE,24700,247.5,2025-06-03 12:25:00+05:30,260.5,SL Hit,260.5,220.83,True,13.0,975.0
2025-06-03 12:50:00+05:30,2025-06-03 12:55:00+05:30,300,BUY_PE,24700,299.35,2025-06-03 13:05:00+05:30,312.35,SL Hit,312.35,272.68,True,13.0,975.0
2025-06-03 13:45:00+05:30,2025-06-03 13:50:00+05:30,300,BUY_PE,24700,227.25,2025-06-03 14:05:00+05:30,200.58,SL Hit,200.58,200.58,False,-26.67,-2000.25
2025-06-04 10:55:00+05:30,2025-06-04 11:00:00+05:30,300,BUY_CE,24550,111.8,2025-06-04 13:00:00+05:30,124.8,SL Hit,124.8,86.55,True,13.0,975.0
2025-06-04 13:30:00+05:30,2025-06-04 13:35:00+05:30,300,BUY_CE,24550,115.05,2025-06-04 13:50:00+05:30,128.05,SL Hit,128.05,99.32,True,13.0,975.0
2025-06-04 14:25:00+05:30,2025-06-04 14:30:00+05:30,300,BUY_CE,24550,117.05,2025-06-04 14:55:00+05:30,130.05,SL Hit,130.05,98.47,True,13.0,975.0
2025-06-05 11:25:00+05:30,2025-06-05 11:30:00+05:30,300,BUY_CE,24650,93.95,2025-06-05 12:55:00+05:30,141.0,MACD/EMA Exit,106.95,67.28,True,47.05,3528.75
2025-06-05 14:25:00+05:30,2025-06-05 14:30:00+05:30,300,BUY_PE,24650,8.9,2025-06-05 15:25:00+05:30,0.05,EOD Exit,-8.02,-8.02,False,-8.85,-663.75
2025-06-06 10:20:00+05:30,2025-06-06 10:25:00+05:30,300,BUY_CE,24750,204.5,2025-06-06 12:00:00+05:30,380.7,MACD/EMA Exit,217.5,177.83,True,176.2,13215.0
2025-06-06 12:55:00+05:30,2025-06-06 13:00:00+05:30,300,BUY_CE,24750,336.05,2025-06-06 13:35:00+05:30,349.05,SL Hit,349.05,309.38,True,13.0,975.0
2025-06-06 13:50:00+05:30,2025-06-06 13:55:00+05:30,300,BUY_PE,24750,80.75,2025-06-06 14:20:00+05:30,72.74,SL Hit,72.74,72.74,False,-8.01,-600.75
2025-06-06 14:25:00+05:30,2025-06-06 14:30:00+05:30,300,BUY_CE,24750,366.5,2025-06-06 14:35:00+05:30,339.83,SL Hit,339.83,339.83,False,-26.67,-2000.25
2025-06-09 11:35:00+05:30,2025-06-09 11:40:00+05:30,300,BUY_CE,25100,152.8,2025-06-09 13:25:00+05:30,136.51,SL Hit,136.51,136.51,False,-16.29,-1221.75
2025-06-09 13:35:00+05:30,2025-06-09 13:40:00+05:30,300,BUY_PE,25100,133.65,2025-06-09 15:25:00+05:30,129.55,EOD Exit,123.14,123.14,False,-4.1,-307.5
2025-06-10 10:15:00+05:30,2025-06-10 10:20:00+05:30,300,BUY_CE,25150,115.65,2025-06-10 10:50:00+05:30,88.98,SL Hit,88.98,88.98,False,-26.67,-2000.25
2025-06-10 10:55:00+05:30,2025-06-10 11:00:00+05:30,300,BUY_PE,25150,120.95,2025-06-10 11:35:00+05:30,100.45,SL Hit,100.45,100.45,False,-20.5,-1537.5
2025-06-10 11:40:00+05:30,2025-06-10 11:45:00+05:30,300,BUY_CE,25150,88.1,2025-06-10 13:20:00+05:30,76.66,SL Hit,76.66,76.66,False,-11.44,-858.0
2025-06-10 13:25:00+05:30,2025-06-10 13:30:00+05:30,300,BUY_PE,25150,95.25,2025-06-10 14:15:00+05:30,108.25,SL Hit,108.25,85.39,True,13.0,975.0
2025-06-10 14:20:00+05:30,2025-06-10 14:25:00+05:30,300,BUY_PE,25150,108.65,2025-06-10 14:35:00+05:30,98.79,SL Hit,98.79,98.79,False,-9.86,-739.5
2025-06-11 10:25:00+05:30,2025-06-11 10:30:00+05:30,300,BUY_CE,25150,56.6,2025-06-11 12:25:00+05:30,113.5,MACD/EMA Exit,69.6,39.99,True,56.9,4267.5
2025-06-11 12:50:00+05:30,2025-06-11 12:55:00+05:30,300,BUY_CE,25150,118.3,2025-06-11 13:25:00+05:30,96.14,SL Hit,96.14,96.14,False,-22.16,-1662.0
2025-06-11 13:30:00+05:30,2025-06-11 13:35:00+05:30,300,BUY_PE,25150,61.5,2025-06-11 14:20:00+05:30,74.5,SL Hit,74.5,51.66,True,13.0,975.0
2025-06-12 10:45:00+05:30,2025-06-12 10:50:00+05:30,300,BUY_PE,25050,51.75,2025-06-12 11:10:00+05:30,64.75,SL Hit,64.75,25.08,True,13.0,975.0
2025-06-12 11:35:00+05:30,2025-06-12 11:40:00+05:30,300,BUY_PE,25050,63.05,2025-06-12 12:00:00+05:30,76.05,SL Hit,76.05,36.38,True,13.0,975.0
2025-06-12 12:45:00+05:30,2025-06-12 12:50:00+05:30,300,BUY_CE,25050,55.15,2025-06-12 12:55:00+05:30,35.04,SL Hit,35.04,35.04,False,-20.11,-1508.25
2025-06-12 13:00:00+05:30,2025-06-12 13:05:00+05:30,300,BUY_PE,25050,56.7,2025-06-12 14:35:00+05:30,185.65,MACD/EMA Exit,69.7,30.03,True,128.95,9671.25
2025-06-13 11:35:00+05:30,2025-06-13 11:40:00+05:30,300,BUY_CE,24600,235.25,2025-06-13 12:20:00+05:30,248.25,SL Hit,248.25,208.58,True,13.0,975.0
2025-06-13 12:40:00+05:30,2025-06-13 12:45:00+05:30,300,BUY_CE,24600,225.2,2025-06-13 13:55:00+05:30,238.2,SL Hit,238.2,200.46,True,13.0,975.0
2025-06-13 14:00:00+05:30,2025-06-13 14:05:00+05:30,300,BUY_CE,24600,231.25,2025-06-13 14:30:00+05:30,244.25,SL Hit,244.25,205.7,True,13.0,975.0
2025-06-16 10:15:00+05:30,2025-06-16 10:20:00+05:30,300,BUY_CE,24800,134.6,2025-06-16 11:30:00+05:30,209.5,MACD/EMA Exit,147.6,107.93,True,74.9,5617.5
2025-06-16 12:35:00+05:30,2025-06-16 12:40:00+05:30,300,BUY_CE,24800,253.7,2025-06-16 12:55:00+05:30,227.03,SL Hit,227.03,227.03,False,-26.67,-2000.25
2025-06-16 13:35:00+05:30,2025-06-16 13:40:00+05:30,300,BUY_CE,24800,251.45,2025-06-16 15:25:00+05:30,238.2,EOD Exit,224.78,224.78,False,-13.25,-993.75
2025-06-17 10:50:00+05:30,2025-06-17 10:55:00+05:30,300,BUY_PE,24900,119.7,2025-06-17 12:10:00+05:30,132.7,SL Hit,132.7,95.07,True,13.0,975.0
2025-06-17 12:15:00+05:30,2025-06-17 12:20:00+05:30,300,BUY_PE,24900,125.5,2025-06-17 12:40:00+05:30,138.5,SL Hit,138.5,111.18,True,13.0,975.0
2025-06-17 12:45:00+05:30,2025-06-17 12:50:00+05:30,300,BUY_PE,24900,135.8,2025-06-17 13:00:00+05:30,148.8,SL Hit,148.8,117.4,True,13.0,975.0
2025-06-17 14:10:00+05:30,2025-06-17 14:15:00+05:30,300,BUY_CE,24900,81.0,2025-06-17 15:25:00+05:30,76.4,EOD Exit,70.85,70.85,False,-4.6,-345.0
2025-06-18 10:50:00+05:30,2025-06-18 10:55:00+05:30,300,BUY_PE,24850,97.85,2025-06-18 11:15:00+05:30,110.85,SL Hit,110.85,77.22,True,13.0,975.0
2025-06-18 11:20:00+05:30,2025-06-18 11:25:00+05:30,300,BUY_PE,24850,109.5,2025-06-18 11:35:00+05:30,122.5,SL Hit,122.5,84.21,True,13.0,975.0
2025-06-18 12:25:00+05:30,2025-06-18 12:30:00+05:30,300,BUY_PE,24850,119.45,2025-06-18 12:50:00+05:30,132.45,SL Hit,132.45,92.78,True,13.0,975.0
2025-06-18 13:45:00+05:30,2025-06-18 13:50:00+05:30,300,BUY_PE,24850,123.4,2025-06-18 14:20:00+05:30,136.4,SL Hit,136.4,101.64,True,13.0,975.0
2025-06-18 14:30:00+05:30,2025-06-18 14:35:00+05:30,300,BUY_CE,24850,62.7,2025-06-18 15:25:00+05:30,52.0,EOD Exit,51.27,51.27,False,-10.7,-802.5
2025-06-19 10:30:00+05:30,2025-06-19 10:35:00+05:30,300,BUY_PE,24750,17.35,2025-06-19 12:20:00+05:30,8.96,SL Hit,8.96,8.96,False,-8.39,-629.25
2025-06-19 12:30:00+05:30,2025-06-19 12:35:00+05:30,300,BUY_PE,24750,8.95,2025-06-19 13:45:00+05:30,4.56,SL Hit,4.56,4.56,False,-4.39,-329.25
2025-06-19 14:00:00+05:30,2025-06-19 14:05:00+05:30,300,BUY_CE,24750,89.4,2025-06-19 14:15:00+05:30,102.4,SL Hit,102.4,67.59,True,13.0,975.0
2025-06-20 10:15:00+05:30,2025-06-20 10:20:00+05:30,300,BUY_CE,24850,256.05,2025-06-20 11:15:00+05:30,289.3,MACD/EMA Exit,269.05,229.38,True,33.25,2493.75
2025-06-20 12:20:00+05:30,2025-06-20 12:25:00+05:30,300,BUY_PE,24850,91.0,2025-06-20 13:00:00+05:30,82.35,SL Hit,82.35,82.35,False,-8.65,-648.75
2025-06-20 13:05:00+05:30,2025-06-20 13:10:00+05:30,300,BUY_CE,24850,320.25,2025-06-20 13:20:00+05:30,333.25,SL Hit,333.25,293.58,True,13.0,975.0
2025-06-20 14:15:00+05:30,2025-06-20 14:20:00+05:30,300,BUY_CE,24850,330.05,2025-06-20 14:25:00+05:30,343.05,SL Hit,343.05,303.38,True,13.0,975.0
2025-06-23 11:10:00+05:30,2025-06-23 11:15:00+05:30,300,BUY_CE,24950,133.2,2025-06-23 11:20:00+05:30,146.2,SL Hit,146.2,111.15,True,13.0,975.0
2025-06-23 11:25:00+05:30,2025-06-23 11:30:00+05:30,300,BUY_CE,24950,140.3,2025-06-23 11:35:00+05:30,153.3,SL Hit,153.3,114.8,True,13.0,975.0
2025-06-23 11:55:00+05:30,2025-06-23 12:00:00+05:30,300,BUY_CE,24950,132.9,2025-06-23 12:15:00+05:30,145.9,SL Hit,145.9,108.73,True,13.0,975.0
2025-06-23 12:35:00+05:30,2025-06-23 12:40:00+05:30,300,BUY_CE,24950,141.5,2025-06-23 14:15:00+05:30,185.4,MACD/EMA Exit,154.5,122.75,True,43.9,3292.5
2025-06-24 11:10:00+05:30,2025-06-24 11:15:00+05:30,300,BUY_CE,25200,175.45,2025-06-24 11:25:00+05:30,188.45,SL Hit,188.45,148.78,True,13.0,975.0
2025-06-24 11:30:00+05:30,2025-06-24 11:35:00+05:30,300,BUY_CE,25200,180.85,2025-06-24 11:40:00+05:30,193.85,SL Hit,193.85,154.18,True,13.0,975.0
2025-06-24 12:05:00+05:30,2025-06-24 12:10:00+05:30,300,BUY_CE,25200,209.3,2025-06-24 12:35:00+05:30,182.63,SL Hit,182.63,182.63,False,-26.67,-2000.25
2025-06-24 12:40:00+05:30,2025-06-24 12:45:00+05:30,300,BUY_PE,25200,116.6,2025-06-24 12:50:00+05:30,89.94,SL Hit,89.94,89.94,False,-26.66,-1999.5
2025-06-24 12:55:00+05:30,2025-06-24 13:00:00+05:30,300,BUY_PE,25200,75.3,2025-06-24 13:05:00+05:30,88.3,SL Hit,88.3,48.63,True,13.0,975.0
2025-06-24 13:15:00+05:30,2025-06-24 13:20:00+05:30,300,BUY_PE,25200,109.5,2025-06-24 14:35:00+05:30,164.75,MACD/EMA Exit,122.5,82.83,True,55.25,4143.75
2025-06-25 11:20:00+05:30,2025-06-25 11:25:00+05:30,300,BUY_CE,25150,133.9,2025-06-25 12:15:00+05:30,109.57,SL Hit,109.57,109.57,False,-24.33,-1824.75
2025-06-25 12:30:00+05:30,2025-06-25 12:35:00+05:30,300,BUY_CE,25150,125.5,2025-06-25 12:40:00+05:30,138.5,SL Hit,138.5,103.17,True,13.0,975.0
2025-06-25 12:45:00+05:30,2025-06-25 12:50:00+05:30,300,BUY_PE,25150,48.35,2025-06-25 13:25:00+05:30,37.66,SL Hit,37.66,37.66,False,-10.69,-801.75
2025-06-25 14:15:00+05:30,2025-06-25 14:20:00+05:30,300,BUY_CE,25150,151.15,2025-06-25 14:25:00+05:30,164.15,SL Hit,164.15,124.48,True,13.0,975.0
2025-06-26 11:10:00+05:30,2025-06-26 11:15:00+05:30,300,BUY_PE,25400,88.5,2025-06-26 11:20:00+05:30,101.5,SL Hit,101.5,61.83,True,13.0,975.0
2025-06-26 11:25:00+05:30,2025-06-26 11:30:00+05:30,300,BUY_PE,25400,92.45,2025-06-26 11:45:00+05:30,105.45,SL Hit,105.45,65.78,True,13.0,975.0
2025-06-26 12:05:00+05:30,2025-06-26 12:10:00+05:30,300,BUY_CE,25400,57.6,2025-06-26 12:15:00+05:30,70.6,SL Hit,70.6,30.93,True,13.0,975.0
2025-06-26 12:25:00+05:30,2025-06-26 12:30:00+05:30,300,BUY_CE,25400,69.75,2025-06-26 13:20:00+05:30,82.75,SL Hit,82.75,43.08,True,13.0,975.0
2025-06-26 13:35:00+05:30,2025-06-26 13:40:00+05:30,300,BUY_CE,25400,86.35,2025-06-26 14:45:00+05:30,99.35,SL Hit,99.35,59.68,True,13.0,975.0
2025-06-27 10:15:00+05:30,2025-06-27 10:20:00+05:30,300,BUY_CE,25600,157.05,2025-06-27 10:55:00+05:30,170.05,SL Hit,170.05,130.38,True,13.0,975.0
2025-06-27 11:05:00+05:30,2025-06-27 11:10:00+05:30,300,BUY_CE,25600,166.5,2025-06-27 12:15:00+05:30,180.35,MACD/EMA Exit,179.5,145.41,True,13.85,1038.75
2025-06-27 12:40:00+05:30,2025-06-27 12:45:00+05:30,300,BUY_CE,25600,182.55,2025-06-27 12:55:00+05:30,195.55,SL Hit,195.55,164.28,True,13.0,975.0
2025-06-27 13:30:00+05:30,2025-06-27 13:35:00+05:30,300,BUY_CE,25600,173.7,2025-06-27 15:25:00+05:30,170.0,EOD Exit,156.11,156.11,False,-3.7,-277.5
2025-06-30 10:20:00+05:30,2025-06-30 10:25:00+05:30,300,BUY_PE,25600,133.05,2025-06-30 11:15:00+05:30,146.05,SL Hit,146.05,106.38,True,13.0,975.0
2025-06-30 11:45:00+05:30,2025-06-30 11:50:00+05:30,300,BUY_CE,25600,130.6,2025-06-30 12:35:00+05:30,116.5,SL Hit,116.5,116.5,False,-14.1,-1057.5
2025-06-30 12:40:00+05:30,2025-06-30 12:45:00+05:30,300,BUY_PE,25600,150.3,2025-06-30 12:55:00+05:30,163.3,SL Hit,163.3,135.2,True,13.0,975.0
2025-06-30 13:00:00+05:30,2025-06-30 13:05:00+05:30,300,BUY_PE,25600,171.6,2025-06-30 13:10:00+05:30,184.6,SL Hit,184.6,150.03,True,13.0,975.0
2025-06-30 13:15:00+05:30,2025-06-30 13:20:00+05:30,300,BUY_PE,25600,180.35,2025-06-30 13:50:00+05:30,193.35,SL Hit,193.35,155.61,True,13.0,975.0
2025-07-01 10:30:00+05:30,2025-07-01 10:35:00+05:30,300,BUY_CE,25550,112.15,2025-07-01 15:25:00+05:30,92.55,EOD Exit,89.41,89.41,False,-19.6,-1470.0
2025-07-02 10:40:00+05:30,2025-07-02 10:45:00+05:30,300,BUY_PE,25600,134.05,2025-07-02 11:00:00+05:30,147.05,SL Hit,147.05,110.06,True,13.0,975.0
2025-07-02 12:30:00+05:30,2025-07-02 12:35:00+05:30,300,BUY_PE,25600,137.65,2025-07-02 12:50:00+05:30,150.65,SL Hit,150.65,123.21,True,13.0,975.0
2025-07-02 13:10:00+05:30,2025-07-02 13:15:00+05:30,300,BUY_PE,25600,154.0,2025-07-02 14:15:00+05:30,187.6,MACD/EMA Exit,167.0,136.45,True,33.6,2520.0
2025-07-03 11:40:00+05:30,2025-07-03 11:45:00+05:30,300,BUY_PE,25500,39.8,2025-07-03 13:15:00+05:30,52.8,SL Hit,52.8,23.29,True,13.0,975.0
2025-07-03 13:30:00+05:30,2025-07-03 13:35:00+05:30,300,BUY_CE,25500,50.2,2025-07-03 13:45:00+05:30,63.2,SL Hit,63.2,23.53,True,13.0,975.0
2025-07-03 13:50:00+05:30,2025-07-03 13:55:00+05:30,300,BUY_PE,25500,35.25,2025-07-03 14:00:00+05:30,48.25,SL Hit,48.25,8.58,True,13.0,975.0
2025-07-03 14:10:00+05:30,2025-07-03 14:15:00+05:30,300,BUY_PE,25500,40.35,2025-07-03 14:20:00+05:30,53.35,SL Hit,53.35,13.68,True,13.0,975.0
2025-07-03 14:25:00+05:30,2025-07-03 14:30:00+05:30,300,BUY_PE,25500,67.25,2025-07-03 15:25:00+05:30,94.65,EOD Exit,80.25,40.58,True,27.4,2055.0
2025-07-04 10:20:00+05:30,2025-07-04 10:25:00+05:30,300,BUY_CE,25400,164.45,2025-07-04 11:40:00+05:30,137.78,SL Hit,137.78,137.78,False,-26.67,-2000.25
2025-07-04 11:45:00+05:30,2025-07-04 11:50:00+05:30,300,BUY_PE,25400,167.3,2025-07-04 13:55:00+05:30,145.41,SL Hit,145.41,145.41,False,-21.89,-1641.75
2025-07-04 14:00:00+05:30,2025-07-04 14:05:00+05:30,300,BUY_CE,25400,129.0,2025-07-04 14:30:00+05:30,142.0,SL Hit,142.0,113.91,True,13.0,975.0
2025-07-07 10:15:00+05:30,2025-07-07 10:20:00+05:30,300,BUY_PE,25450,123.65,2025-07-07 15:25:00+05:30,107.15,EOD Exit,97.82,97.82,False,-16.5,-1237.5
2025-07-08 10:40:00+05:30,2025-07-08 10:45:00+05:30,300,BUY_PE,25450,88.0,2025-07-08 12:30:00+05:30,73.64,SL Hit,73.64,73.64,False,-14.36,-1077.0
2025-07-08 12:35:00+05:30,2025-07-08 12:40:00+05:30,300,BUY_CE,25450,107.55,2025-07-08 14:15:00+05:30,96.9,SL Hit,96.9,96.9,False,-10.65,-798.75
2025-07-08 14:20:00+05:30,2025-07-08 14:25:00+05:30,300,BUY_PE,25450,70.65,2025-07-08 14:55:00+05:30,64.51,SL Hit,64.51,64.51,False,-6.14,-460.5
2025-07-09 10:15:00+05:30,2025-07-09 10:20:00+05:30,300,BUY_CE,25500,102.1,2025-07-09 14:20:00+05:30,77.67,SL Hit,77.67,77.67,False,-24.43,-1832.25
2025-07-09 14:25:00+05:30,2025-07-09 14:30:00+05:30,300,BUY_PE,25500,62.55,2025-07-09 14:35:00+05:30,75.55,SL Hit,75.55,49.31,True,13.0,975.0
2025-07-10 10:50:00+05:30,2025-07-10 10:55:00+05:30,300,BUY_PE,25450,77.3,2025-07-10 11:00:00+05:30,90.3,SL Hit,90.3,50.63,True,13.0,975.0
2025-07-10 12:00:00+05:30,2025-07-10 12:05:00+05:30,300,BUY_PE,25450,87.25,2025-07-10 12:55:00+05:30,61.22,SL Hit,61.22,61.22,False,-26.03,-1952.25
2025-07-10 13:15:00+05:30,2025-07-10 13:20:00+05:30,300,BUY_CE,25450,11.9,2025-07-10 14:05:00+05:30,24.9,SL Hit,24.9,1.48,True,13.0,975.0
2025-07-10 14:10:00+05:30,2025-07-10 14:15:00+05:30,300,BUY_CE,25450,9.25,2025-07-10 15:25:00+05:30,0.05,EOD Exit,-1.19,-1.19,False,-9.2,-690.0
2025-07-11 10:15:00+05:30,2025-07-11 10:20:00+05:30,300,BUY_PE,25300,140.7,2025-07-11 10:30:00+05:30,153.7,SL Hit,153.7,116.29,True,13.0,975.0
2025-07-11 10:45:00+05:30,2025-07-11 10:50:00+05:30,300,BUY_PE,25300,173.9,2025-07-11 10:55:00+05:30,186.9,SL Hit,186.9,149.53,True,13.0,975.0
2025-07-11 11:00:00+05:30,2025-07-11 11:05:00+05:30,300,BUY_PE,25300,192.5,2025-07-11 11:10:00+05:30,205.5,SL Hit,205.5,165.83,True,13.0,975.0
2025-07-11 12:00:00+05:30,2025-07-11 12:05:00+05:30,300,BUY_PE,25300,197.8,2025-07-11 15:25:00+05:30,195.35,EOD Exit,171.49,171.49,False,-2.45,-183.75
2025-07-14 10:30:00+05:30,2025-07-14 10:35:00+05:30,300,BUY_PE,25100,105.3,2025-07-14 11:05:00+05:30,118.3,SL Hit,118.3,81.41,True,13.0,975.0
2025-07-14 11:15:00+05:30,2025-07-14 11:20:00+05:30,300,BUY_PE,25100,114.85,2025-07-14 11:25:00+05:30,127.85,SL Hit,127.85,97.03,True,13.0,975.0
2025-07-14 12:50:00+05:30,2025-07-14 12:55:00+05:30,300,BUY_PE,25100,127.25,2025-07-14 13:05:00+05:30,140.25,SL Hit,140.25,112.29,True,13.0,975.0
2025-07-14 13:20:00+05:30,2025-07-14 13:25:00+05:30,300,BUY_CE,25100,94.8,2025-07-14 15:25:00+05:30,114.0,EOD Exit,107.8,81.16,True,19.2,1440.0
2025-07-15 10:30:00+05:30,2025-07-15 10:35:00+05:30,300,BUY_CE,25150,86.6,2025-07-15 10:40:00+05:30,99.6,SL Hit,99.6,67.44,True,13.0,975.0
2025-07-15 10:50:00+05:30,2025-07-15 10:55:00+05:30,300,BUY_CE,25150,114.95,2025-07-15 11:45:00+05:30,136.45,MACD/EMA Exit,127.95,96.03,True,21.5,1612.5
2025-07-15 12:30:00+05:30,2025-07-15 12:35:00+05:30,300,BUY_CE,25150,131.35,2025-07-15 13:25:00+05:30,111.85,SL Hit,111.85,111.85,False,-19.5,-1462.5
2025-07-15 13:30:00+05:30,2025-07-15 13:35:00+05:30,300,BUY_PE,25150,59.0,2025-07-15 13:45:00+05:30,50.86,SL Hit,50.86,50.86,False,-8.14,-610.5
2025-07-15 13:50:00+05:30,2025-07-15 13:55:00+05:30,300,BUY_PE,25150,48.45,2025-07-15 14:05:00+05:30,61.45,SL Hit,61.45,39.37,True,13.0,975.0
2025-07-15 14:15:00+05:30,2025-07-15 14:20:00+05:30,300,BUY_PE,25150,49.65,2025-07-15 14:50:00+05:30,62.65,SL Hit,62.65,38.31,True,13.0,975.0
2025-07-16 10:35:00+05:30,2025-07-16 10:40:00+05:30,300,BUY_PE,25150,64.35,2025-07-16 11:50:00+05:30,47.06,SL Hit,47.06,47.06,False,-17.29,-1296.75
2025-07-16 11:55:00+05:30,2025-07-16 12:00:00+05:30,300,BUY_CE,25150,82.2,2025-07-16 12:35:00+05:30,95.2,SL Hit,95.2,64.37,True,13.0,975.0
2025-07-16 12:45:00+05:30,2025-07-16 12:50:00+05:30,300,BUY_CE,25150,103.75,2025-07-16 13:50:00+05:30,116.75,SL Hit,116.75,77.14,True,13.0,975.0
2025-07-16 14:00:00+05:30,2025-07-16 14:05:00+05:30,300,BUY_CE,25150,107.75,2025-07-16 14:10:00+05:30,120.75,SL Hit,120.75,88.78,True,13.0,975.0
2025-07-17 10:15:00+05:30,2025-07-17 10:20:00+05:30,300,BUY_PE,25200,61.9,2025-07-17 11:20:00+05:30,36.79,SL Hit,36.79,36.79,False,-25.11,-1883.25
2025-07-17 11:35:00+05:30,2025-07-17 11:40:00+05:30,300,BUY_CE,25200,37.2,2025-07-17 12:10:00+05:30,24.23,SL Hit,24.23,24.23,False,-12.97,-972.75
2025-07-17 12:40:00+05:30,2025-07-17 12:45:00+05:30,300,BUY_CE,25200,21.65,2025-07-17 13:45:00+05:30,8.94,SL Hit,8.94,8.94,False,-12.71,-953.25
2025-07-17 14:05:00+05:30,2025-07-17 14:10:00+05:30,300,BUY_PE,25200,26.9,2025-07-17 15:25:00+05:30,88.4,EOD Exit,39.9,7.28,True,61.5,4612.5
2025-07-18 10:20:00+05:30,2025-07-18 10:25:00+05:30,300,BUY_PE,25100,194.2,2025-07-18 10:30:00+05:30,207.2,SL Hit,207.2,167.53,True,13.0,975.0
2025-07-18 11:35:00+05:30,2025-07-18 11:40:00+05:30,300,BUY_PE,25100,202.75,2025-07-18 11:45:00+05:30,215.75,SL Hit,215.75,176.76,True,13.0,975.0
2025-07-18 12:10:00+05:30,2025-07-18 12:15:00+05:30,300,BUY_PE,25100,205.85,2025-07-18 13:35:00+05:30,184.31,SL Hit,184.31,184.31,False,-21.54,-1615.5
2025-07-18 13:40:00+05:30,2025-07-18 13:45:00+05:30,300,BUY_CE,25100,86.8,2025-07-18 14:30:00+05:30,99.8,SL Hit,99.8,76.88,True,13.0,975.0
2025-07-21 11:40:00+05:30,2025-07-21 11:45:00+05:30,300,BUY_PE,25000,83.25,2025-07-21 12:45:00+05:30,68.93,SL Hit,68.93,68.93,False,-14.32,-1074.0
2025-07-21 12:55:00+05:30,2025-07-21 13:00:00+05:30,300,BUY_PE,25000,69.65,2025-07-21 13:55:00+05:30,82.65,SL Hit,82.65,58.44,True,13.0,975.0
2025-07-21 14:25:00+05:30,2025-07-21 14:30:00+05:30,300,BUY_PE,25000,69.7,2025-07-21 14:35:00+05:30,82.7,SL Hit,82.7,56.57,True,13.0,975.0
2025-07-22 10:15:00+05:30,2025-07-22 10:20:00+05:30,300,BUY_CE,25150,72.0,2025-07-22 11:05:00+05:30,50.59,SL Hit,50.59,50.59,False,-21.41,-1605.75
2025-07-22 12:25:00+05:30,2025-07-22 12:30:00+05:30,300,BUY_CE,25150,59.2,2025-07-22 13:25:00+05:30,49.97,SL Hit,49.97,49.97,False,-9.23,-692.25
2025-07-22 13:45:00+05:30,2025-07-22 13:50:00+05:30,300,BUY_PE,25150,104.5,2025-07-22 14:20:00+05:30,117.5,SL Hit,117.5,89.64,True,13.0,975.0
2025-07-22 14:25:00+05:30,2025-07-22 14:30:00+05:30,300,BUY_PE,25150,112.7,2025-07-22 14:35:00+05:30,125.7,SL Hit,125.7,95.11,True,13.0,975.0
2025-07-23 10:45:00+05:30,2025-07-23 10:50:00+05:30,300,BUY_CE,25150,47.8,2025-07-23 11:00:00+05:30,60.8,SL Hit,60.8,36.24,True,13.0,975.0
2025-07-23 11:05:00+05:30,2025-07-23 11:10:00+05:30,300,BUY_CE,25150,56.6,2025-07-23 12:05:00+05:30,69.6,SL Hit,69.6,44.81,True,13.0,975.0
2025-07-23 12:15:00+05:30,2025-07-23 12:20:00+05:30,300,BUY_CE,25150,73.3,2025-07-23 12:40:00+05:30,86.3,SL Hit,86.3,59.0,True,13.0,975.0
2025-07-23 13:30:00+05:30,2025-07-23 13:35:00+05:30,300,BUY_CE,25150,75.35,2025-07-23 13:55:00+05:30,88.35,SL Hit,88.35,58.13,True,13.0,975.0
2025-07-23 14:10:00+05:30,2025-07-23 14:15:00+05:30,300,BUY_CE,25150,97.2,2025-07-23 15:25:00+05:30,98.3,EOD Exit,79.61,79.61,False,1.1,82.5
2025-07-24 10:30:00+05:30,2025-07-24 10:35:00+05:30,300,BUY_PE,25200,34.6,2025-07-24 11:00:00+05:30,47.6,SL Hit,47.6,19.44,True,13.0,975.0
2025-07-24 11:15:00+05:30,2025-07-24 11:20:00+05:30,300,BUY_PE,25200,56.4,2025-07-24 12:30:00+05:30,122.1,MACD/EMA Exit,69.4,37.36,True,65.7,4927.5
2025-07-24 13:00:00+05:30,2025-07-24 13:05:00+05:30,300,BUY_PE,25200,147.55,2025-07-24 13:45:00+05:30,120.88,SL Hit,120.88,120.88,False,-26.67,-2000.25
2025-07-24 13:50:00+05:30,2025-07-24 13:55:00+05:30,300,BUY_CE,25200,3.85,2025-07-24 14:15:00+05:30,1.84,SL Hit,1.84,1.84,False,-2.01,-150.75
2025-07-24 14:30:00+05:30,2025-07-24 14:35:00+05:30,300,BUY_CE,25200,1.4,2025-07-24 15:25:00+05:30,0.05,EOD Exit,-0.89,-0.89,False,-1.35,-101.25
2025-07-25 11:35:00+05:30,2025-07-25 11:40:00+05:30,300,BUY_PE,24950,165.5,2025-07-25 11:45:00+05:30,181.95,MACD/EMA Exit,178.5,138.83,True,16.45,1233.75
2025-07-25 12:20:00+05:30,2025-07-25 12:25:00+05:30,300,BUY_PE,24950,190.25,2025-07-25 12:45:00+05:30,164.23,SL Hit,164.23,164.23,False,-26.02,-1951.5
2025-07-25 13:05:00+05:30,2025-07-25 13:10:00+05:30,300,BUY_PE,24950,175.25,2025-07-25 13:30:00+05:30,190.8,MACD/EMA Exit,188.25,148.58,True,15.55,1166.25
2025-07-25 13:40:00+05:30,2025-07-25 13:45:00+05:30,300,BUY_CE,24950,90.7,2025-07-25 15:25:00+05:30,78.05,EOD Exit,77.07,77.07,False,-12.65,-948.75
2025-07-28 10:15:00+05:30,2025-07-28 10:20:00+05:30,300,BUY_CE,24800,177.25,2025-07-28 10:30:00+05:30,190.25,SL Hit,190.25,150.58,True,13.0,975.0
2025-07-28 10:45:00+05:30,2025-07-28 10:50:00+05:30,300,BUY_PE,24800,107.95,2025-07-28 14:05:00+05:30,174.25,MACD/EMA Exit,120.95,83.34,True,66.3,4972.5
2025-07-29 10:15:00+05:30,2025-07-29 10:20:00+05:30,300,BUY_PE,24750,141.4,2025-07-29 10:30:00+05:30,154.4,SL Hit,154.4,114.73,True,13.0,975.0
2025-07-29 11:20:00+05:30,2025-07-29 11:25:00+05:30,300,BUY_CE,24750,81.35,2025-07-29 11:50:00+05:30,66.81,SL Hit,66.81,66.81,False,-14.54,-1090.5
2025-07-29 12:05:00+05:30,2025-07-29 12:10:00+05:30,300,BUY_CE,24750,70.45,2025-07-29 12:20:00+05:30,83.45,SL Hit,83.45,53.22,True,13.0,975.0
2025-07-29 12:40:00+05:30,2025-07-29 12:45:00+05:30,300,BUY_CE,24750,74.6,2025-07-29 13:05:00+05:30,87.6,SL Hit,87.6,59.06,True,13.0,975.0
2025-07-29 13:10:00+05:30,2025-07-29 13:15:00+05:30,300,BUY_CE,24750,87.7,2025-07-29 13:35:00+05:30,100.7,SL Hit,100.7,71.55,True,13.0,975.0
2025-07-29 13:50:00+05:30,2025-07-29 13:55:00+05:30,300,BUY_CE,24750,123.1,2025-07-29 14:00:00+05:30,136.1,SL Hit,136.1,100.5,True,13.0,975.0
2025-07-30 10:15:00+05:30,2025-07-30 10:20:00+05:30,300,BUY_CE,24850,76.05,2025-07-30 10:40:00+05:30,49.38,SL Hit,49.38,49.38,False,-26.67,-2000.25
2025-07-30 10:55:00+05:30,2025-07-30 11:00:00+05:30,300,BUY_PE,24850,85.95,2025-07-30 11:15:00+05:30,59.28,SL Hit,59.28,59.28,False,-26.67,-2000.25
2025-07-30 11:25:00+05:30,2025-07-30 11:30:00+05:30,300,BUY_CE,24850,103.6,2025-07-30 11:45:00+05:30,81.02,SL Hit,81.02,81.02,False,-22.58,-1693.5
2025-07-30 12:20:00+05:30,2025-07-30 12:25:00+05:30,300,BUY_CE,24850,80.2,2025-07-30 14:25:00+05:30,93.2,SL Hit,93.2,54.36,True,13.0,975.0
2025-07-30 14:30:00+05:30,2025-07-30 14:35:00+05:30,300,BUY_CE,24850,92.35,2025-07-30 15:05:00+05:30,71.16,SL Hit,71.16,71.16,False,-21.19,-1589.25
2025-07-31 10:50:00+05:30,2025-07-31 10:55:00+05:30,300,BUY_CE,24700,57.75,2025-07-31 11:10:00+05:30,70.75,SL Hit,70.75,33.99,True,13.0,975.0
2025-07-31 12:10:00+05:30,2025-07-31 12:15:00+05:30,300,BUY_CE,24700,135.5,2025-07-31 12:25:00+05:30,148.5,SL Hit,148.5,108.83,True,13.0,975.0
2025-07-31 12:35:00+05:30,2025-07-31 12:40:00+05:30,300,BUY_CE,24700,169.45,2025-07-31 12:50:00+05:30,182.45,SL Hit,182.45,142.78,True,13.0,975.0
2025-07-31 13:30:00+05:30,2025-07-31 13:35:00+05:30,300,BUY_CE,24700,246.85,2025-07-31 13:40:00+05:30,259.85,SL Hit,259.85,220.18,True,13.0,975.0
2025-08-01 10:35:00+05:30,2025-08-01 10:40:00+05:30,300,BUY_CE,24750,164.65,2025-08-01 11:10:00+05:30,137.98,SL Hit,137.98,137.98,False,-26.67,-2000.25
2025-08-01 11:15:00+05:30,2025-08-01 11:20:00+05:30,300,BUY_PE,24750,171.75,2025-08-01 11:35:00+05:30,184.75,SL Hit,184.75,145.08,True,13.0,975.0
2025-08-01 11:40:00+05:30,2025-08-01 11:45:00+05:30,300,BUY_PE,24750,202.3,2025-08-01 12:40:00+05:30,215.3,SL Hit,215.3,175.63,True,13.0,975.0
2025-08-01 13:25:00+05:30,2025-08-01 13:30:00+05:30,300,BUY_CE,24750,118.45,2025-08-01 13:35:00+05:30,100.26,SL Hit,100.26,100.26,False,-18.19,-1364.25
2025-08-01 13:45:00+05:30,2025-08-01 13:50:00+05:30,300,BUY_CE,24750,108.35,2025-08-01 15:00:00+05:30,90.64,SL Hit,90.64,90.64,False,-17.71,-1328.25
2025-08-04 10:20:00+05:30,2025-08-04 10:25:00+05:30,300,BUY_CE,24650,140.75,2025-08-04 11:05:00+05:30,153.75,SL Hit,153.75,114.08,True,13.0,975.0
2025-08-04 11:15:00+05:30,2025-08-04 11:20:00+05:30,300,BUY_CE,24650,150.35,2025-08-04 12:40:00+05:30,163.35,SL Hit,163.35,123.68,True,13.0,975.0
2025-08-04 13:35:00+05:30,2025-08-04 13:40:00+05:30,300,BUY_CE,24650,152.7,2025-08-04 13:45:00+05:30,169.7,MACD/EMA Exit,165.7,128.46,True,17.0,1275.0
2025-08-04 14:05:00+05:30,2025-08-04 14:10:00+05:30,300,BUY_CE,24650,170.5,2025-08-04 15:25:00+05:30,161.8,EOD Exit,144.01,144.01,False,-8.7,-652.5
2025-08-05 11:25:00+05:30,2025-08-05 11:30:00+05:30,300,BUY_CE,24700,74.8,2025-08-05 12:10:00+05:30,87.8,SL Hit,87.8,60.42,True,13.0,975.0
2025-08-05 12:15:00+05:30,2025-08-05 12:20:00+05:30,300,BUY_CE,24700,82.8,2025-08-05 12:30:00+05:30,70.12,SL Hit,70.12,70.12,False,-12.68,-951.0
2025-08-05 12:35:00+05:30,2025-08-05 12:40:00+05:30,300,BUY_CE,24700,72.0,2025-08-05 13:20:00+05:30,58.91,SL Hit,58.91,58.91,False,-13.09,-981.75
2025-08-05 13:25:00+05:30,2025-08-05 13:30:00+05:30,300,BUY_PE,24700,150.65,2025-08-05 14:35:00+05:30,129.91,SL Hit,129.91,129.91,False,-20.74,-1555.5
2025-08-06 10:15:00+05:30,2025-08-06 10:20:00+05:30,300,BUY_CE,24650,75.45,2025-08-06 10:40:00+05:30,48.82,SL Hit,48.82,48.82,False,-26.63,-1997.25
2025-08-06 10:45:00+05:30,2025-08-06 10:50:00+05:30,300,BUY_PE,24650,118.6,2025-08-06 10:55:00+05:30,131.6,SL Hit,131.6,91.93,True,13.0,975.0
2025-08-06 12:20:00+05:30,2025-08-06 12:25:00+05:30,300,BUY_CE,24650,62.65,2025-08-06 14:00:00+05:30,48.66,SL Hit,48.66,48.66,False,-13.99,-1049.25
2025-08-06 14:05:00+05:30,2025-08-06 14:10:00+05:30,300,BUY_PE,24650,92.95,2025-08-06 14:15:00+05:30,105.95,SL Hit,105.95,75.74,True,13.0,975.0
2025-08-06 14:25:00+05:30,2025-08-06 14:30:00+05:30,300,BUY_PE,24650,108.75,2025-08-06 14:35:00+05:30,121.75,SL Hit,121.75,88.42,True,13.0,975.0
2025-08-07 10:30:00+05:30,2025-08-07 10:35:00+05:30,300,BUY_PE,24500,76.6,2025-08-07 11:20:00+05:30,92.9,MACD/EMA Exit,89.6,53.25,True,16.3,1222.5
2025-08-07 12:15:00+05:30,2025-08-07 12:20:00+05:30,300,BUY_CE,24500,12.05,2025-08-07 13:10:00+05:30,4.95,SL Hit,4.95,4.95,False,-7.1,-532.5
2025-08-07 13:15:00+05:30,2025-08-07 13:20:00+05:30,300,BUY_PE,24500,106.9,2025-08-07 13:55:00+05:30,119.9,SL Hit,119.9,80.23,True,13.0,975.0
2025-08-07 14:15:00+05:30,2025-08-07 14:20:00+05:30,300,BUY_CE,24500,14.0,2025-08-07 14:35:00+05:30,27.0,SL Hit,27.0,5.19,True,13.0,975.0
2025-08-08 12:00:00+05:30,2025-08-08 12:05:00+05:30,300,BUY_PE,24550,198.8,2025-08-08 12:45:00+05:30,172.13,SL Hit,172.13,172.13,False,-26.67,-2000.25
2025-08-08 12:50:00+05:30,2025-08-08 12:55:00+05:30,300,BUY_CE,24550,112.05,2025-08-08 13:05:00+05:30,95.77,SL Hit,95.77,95.77,False,-16.28,-1221.0
2025-08-08 13:30:00+05:30,2025-08-08 13:35:00+05:30,300,BUY_CE,24550,98.15,2025-08-08 15:05:00+05:30,79.18,SL Hit,79.18,79.18,False,-18.97,-1422.75
2025-08-11 10:15:00+05:30,2025-08-11 10:20:00+05:30,300,BUY_CE,24450,122.65,2025-08-11 10:25:00+05:30,135.65,SL Hit,135.65,95.98,True,13.0,975.0
2025-08-11 10:30:00+05:30,2025-08-11 10:35:00+05:30,300,BUY_CE,24450,134.0,2025-08-11 13:05:00+05:30,147.0,SL Hit,147.0,108.89,True,13.0,975.0
2025-08-11 13:30:00+05:30,2025-08-11 13:35:00+05:30,300,BUY_CE,24450,153.0,2025-08-11 13:45:00+05:30,166.0,SL Hit,166.0,130.81,True,13.0,975.0
2025-08-11 14:00:00+05:30,2025-08-11 14:05:00+05:30,300,BUY_CE,24450,167.8,2025-08-11 15:15:00+05:30,180.8,SL Hit,180.8,144.21,True,13.0,975.0
2025-08-12 11:05:00+05:30,2025-08-12 11:10:00+05:30,300,BUY_PE,24550,95.8,2025-08-12 12:15:00+05:30,70.18,SL Hit,70.18,70.18,False,-25.62,-1921.5
2025-08-12 12:20:00+05:30,2025-08-12 12:25:00+05:30,300,BUY_CE,24550,141.25,2025-08-12 12:35:00+05:30,154.25,SL Hit,154.25,114.58,True,13.0,975.0
2025-08-12 12:40:00+05:30,2025-08-12 12:45:00+05:30,300,BUY_CE,24550,150.15,2025-08-12 12:55:00+05:30,123.48,SL Hit,123.48,123.48,False,-26.67,-2000.25
2025-08-12 13:00:00+05:30,2025-08-12 13:05:00+05:30,300,BUY_CE,24550,132.7,2025-08-12 13:30:00+05:30,106.03,SL Hit,106.03,106.03,False,-26.67,-2000.25
2025-08-12 13:55:00+05:30,2025-08-12 14:00:00+05:30,300,BUY_CE,24550,124.85,2025-08-12 14:05:00+05:30,98.18,SL Hit,98.18,98.18,False,-26.67,-2000.25
2025-08-12 14:10:00+05:30,2025-08-12 14:15:00+05:30,300,BUY_PE,24550,82.8,2025-08-12 14:40:00+05:30,95.8,SL Hit,95.8,61.39,True,13.0,975.0
2025-08-13 10:55:00+05:30,2025-08-13 11:00:00+05:30,300,BUY_CE,24550,111.65,2025-08-13 11:55:00+05:30,84.98,SL Hit,84.98,84.98,False,-26.67,-2000.25
2025-08-13 12:00:00+05:30,2025-08-13 12:05:00+05:30,300,BUY_PE,24550,57.65,2025-08-13 12:20:00+05:30,44.75,SL Hit,44.75,44.75,False,-12.9,-967.5
2025-08-13 12:25:00+05:30,2025-08-13 12:30:00+05:30,300,BUY_CE,24550,108.9,2025-08-13 12:35:00+05:30,121.9,SL Hit,121.9,86.69,True,13.0,975.0
2025-08-13 12:40:00+05:30,2025-08-13 12:45:00+05:30,300,BUY_CE,24550,134.35,2025-08-13 13:50:00+05:30,147.35,SL Hit,147.35,110.59,True,13.0,975.0
2025-08-13 14:00:00+05:30,2025-08-13 14:05:00+05:30,300,BUY_CE,24550,147.8,2025-08-13 15:00:00+05:30,121.41,SL Hit,121.41,121.41,False,-26.39,-1979.25
2025-08-14 10:25:00+05:30,2025-08-14 10:30:00+05:30,300,BUY_CE,24700,27.75,2025-08-14 11:40:00+05:30,13.46,SL Hit,13.46,13.46,False,-14.29,-1071.75
2025-08-14 11:45:00+05:30,2025-08-14 11:50:00+05:30,300,BUY_PE,24700,101.85,2025-08-14 12:05:00+05:30,77.56,SL Hit,77.56,77.56,False,-24.29,-1821.75
2025-08-14 12:10:00+05:30,2025-08-14 12:15:00+05:30,300,BUY_PE,24700,82.85,2025-08-14 12:55:00+05:30,57.52,SL Hit,57.52,57.52,False,-25.33,-1899.75
2025-08-14 14:15:00+05:30,2025-08-14 14:20:00+05:30,300,BUY_PE,24700,82.2,2025-08-14 14:30:00+05:30,95.2,SL Hit,95.2,55.53,True,13.0,975.0
2025-08-18 11:30:00+05:30,2025-08-18 11:35:00+05:30,300,BUY_PE,24950,108.5,2025-08-18 12:00:00+05:30,121.5,SL Hit,121.5,94.86,True,13.0,975.0
2025-08-18 12:10:00+05:30,2025-08-18 12:15:00+05:30,300,BUY_PE,24950,149.95,2025-08-18 12:20:00+05:30,128.66,SL Hit,128.66,128.66,False,-21.29,-1596.75
2025-08-18 12:45:00+05:30,2025-08-18 12:50:00+05:30,300,BUY_PE,24950,123.15,2025-08-18 15:25:00+05:30,109.9,EOD Exit,97.24,97.24,False,-13.25,-993.75
2025-08-19 10:15:00+05:30,2025-08-19 10:20:00+05:30,300,BUY_CE,24900,108.5,2025-08-19 11:05:00+05:30,121.5,SL Hit,121.5,81.83,True,13.0,975.0
2025-08-19 11:50:00+05:30,2025-08-19 11:55:00+05:30,300,BUY_CE,24900,130.3,2025-08-19 12:10:00+05:30,143.3,SL Hit,143.3,114.44,True,13.0,975.0
2025-08-19 12:15:00+05:30,2025-08-19 12:20:00+05:30,300,BUY_CE,24900,161.0,2025-08-19 13:30:00+05:30,139.86,SL Hit,139.86,139.86,False,-21.14,-1585.5
2025-08-19 13:50:00+05:30,2025-08-19 13:55:00+05:30,300,BUY_PE,24900,48.85,2025-08-19 14:30:00+05:30,41.35,SL Hit,41.35,41.35,False,-7.5,-562.5
2025-08-20 10:15:00+05:30,2025-08-20 10:20:00+05:30,300,BUY_CE,24950,96.7,2025-08-20 10:35:00+05:30,109.7,SL Hit,109.7,70.03,True,13.0,975.0
2025-08-20 10:55:00+05:30,2025-08-20 11:00:00+05:30,300,BUY_CE,24950,89.5,2025-08-20 11:45:00+05:30,111.95,MACD/EMA Exit,102.5,65.69,True,22.45,1683.75
2025-08-20 12:00:00+05:30,2025-08-20 12:05:00+05:30,300,BUY_CE,24950,120.9,2025-08-20 12:10:00+05:30,133.9,SL Hit,133.9,98.85,True,13.0,975.0
2025-08-20 12:15:00+05:30,2025-08-20 12:20:00+05:30,300,BUY_CE,24950,126.55,2025-08-20 13:05:00+05:30,139.55,SL Hit,139.55,107.65,True,13.0,975.0
2025-08-20 13:35:00+05:30,2025-08-20 13:40:00+05:30,300,BUY_CE,24950,127.15,2025-08-20 14:00:00+05:30,140.15,SL Hit,140.15,106.41,True,13.0,975.0
2025-08-20 14:05:00+05:30,2025-08-20 14:10:00+05:30,300,BUY_CE,24950,137.95,2025-08-20 15:25:00+05:30,117.95,EOD Exit,115.94,115.94,False,-20.0,-1500.0
2025-08-21 11:20:00+05:30,2025-08-21 11:25:00+05:30,300,BUY_CE,25050,94.65,2025-08-21 11:50:00+05:30,73.17,SL Hit,73.17,73.17,False,-21.48,-1611.0
2025-08-21 12:05:00+05:30,2025-08-21 12:10:00+05:30,300,BUY_PE,25050,10.15,2025-08-21 12:35:00+05:30,6.13,SL Hit,6.13,6.13,False,-4.02,-301.5
2025-08-21 12:50:00+05:30,2025-08-21 12:55:00+05:30,300,BUY_PE,25050,5.65,2025-08-21 13:40:00+05:30,18.65,SL Hit,18.65,0.4,True,13.0,975.0
2025-08-21 14:00:00+05:30,2025-08-21 14:05:00+05:30,300,BUY_CE,25050,69.7,2025-08-21 14:10:00+05:30,82.7,SL Hit,82.7,46.09,True,13.0,975.0
2025-08-21 14:15:00+05:30,2025-08-21 14:20:00+05:30,300,BUY_CE,25050,91.7,2025-08-21 14:35:00+05:30,65.03,SL Hit,65.03,65.03,False,-26.67,-2000.25
2025-08-22 10:20:00+05:30,2025-08-22 10:25:00+05:30,300,BUY_PE,25000,147.65,2025-08-22 10:45:00+05:30,160.65,SL Hit,160.65,120.98,True,13.0,975.0
2025-08-22 12:00:00+05:30,2025-08-22 12:05:00+05:30,300,BUY_CE,25000,95.65,2025-08-22 12:15:00+05:30,83.61,SL Hit,83.61,83.61,False,-12.04,-903.0
2025-08-22 12:20:00+05:30,2025-08-22 12:25:00+05:30,300,BUY_PE,25000,150.2,2025-08-22 13:30:00+05:30,131.98,SL Hit,131.98,131.98,False,-18.22,-1366.5
2025-08-22 13:35:00+05:30,2025-08-22 13:40:00+05:30,300,BUY_CE,25000,92.2,2025-08-22 14:00:00+05:30,83.25,SL Hit,83.25,83.25,False,-8.95,-671.25
2025-08-22 14:15:00+05:30,2025-08-22 14:20:00+05:30,300,BUY_PE,25000,153.35,2025-08-22 14:25:00+05:30,166.35,SL Hit,166.35,137.33,True,13.0,975.0
2025-08-22 14:30:00+05:30,2025-08-22 14:35:00+05:30,300,BUY_PE,25000,171.8,2025-08-22 15:25:00+05:30,177.3,EOD Exit,152.21,152.21,False,5.5,412.5
2025-08-25 10:25:00+05:30,2025-08-25 10:30:00+05:30,300,BUY_PE,24900,76.2,2025-08-25 10:50:00+05:30,57.9,SL Hit,57.9,57.9,False,-18.3,-1372.5
2025-08-25 10:55:00+05:30,2025-08-25 11:00:00+05:30,300,BUY_CE,24900,124.55,2025-08-25 11:45:00+05:30,137.55,SL Hit,137.55,103.74,True,13.0,975.0
2025-08-25 12:00:00+05:30,2025-08-25 12:05:00+05:30,300,BUY_CE,24900,145.8,2025-08-25 12:15:00+05:30,158.8,SL Hit,158.8,129.78,True,13.0,975.0
2025-08-25 13:50:00+05:30,2025-08-25 13:55:00+05:30,300,BUY_CE,24900,164.45,2025-08-25 14:15:00+05:30,149.21,SL Hit,149.21,149.21,False,-15.24,-1143.0
2025-08-25 14:30:00+05:30,2025-08-25 14:35:00+05:30,300,BUY_PE,24900,44.0,2025-08-25 14:55:00+05:30,37.79,SL Hit,37.79,37.79,False,-6.21,-465.75
2025-08-26 10:50:00+05:30,2025-08-26 10:55:00+05:30,300,BUY_PE,24850,117.3,2025-08-26 11:00:00+05:30,93.52,SL Hit,93.52,93.52,False,-23.78,-1783.5
2025-08-26 11:20:00+05:30,2025-08-26 11:25:00+05:30,300,BUY_CE,24850,52.8,2025-08-26 12:30:00+05:30,42.74,SL Hit,42.74,42.74,False,-10.06,-754.5
2025-08-26 12:45:00+05:30,2025-08-26 12:50:00+05:30,300,BUY_PE,24850,105.95,2025-08-26 13:05:00+05:30,90.44,SL Hit,90.44,90.44,False,-15.51,-1163.25
2025-08-26 13:25:00+05:30,2025-08-26 13:30:00+05:30,300,BUY_CE,24850,45.1,2025-08-26 14:15:00+05:30,37.46,SL Hit,37.46,37.46,False,-7.64,-573.0
2025-08-26 14:20:00+05:30,2025-08-26 14:25:00+05:30,300,BUY_PE,24850,113.35,2025-08-26 15:25:00+05:30,152.4,EOD Exit,126.35,96.54,True,39.05,2928.75
2025-08-28 12:20:00+05:30,2025-08-28 12:25:00+05:30,300,BUY_PE,24600,45.45,2025-08-28 12:55:00+05:30,58.45,SL Hit,58.45,29.56,True,13.0,975.0
2025-08-28 13:00:00+05:30,2025-08-28 13:05:00+05:30,300,BUY_PE,24600,55.45,2025-08-28 13:10:00+05:30,68.45,SL Hit,68.45,31.42,True,13.0,975.0
2025-08-28 14:30:00+05:30,2025-08-28 14:35:00+05:30,300,BUY_PE,24600,60.5,2025-08-28 14:40:00+05:30,74.15,MACD/EMA Exit,73.5,33.83,True,13.65,1023.75
2025-08-29 10:30:00+05:30,2025-08-29 10:35:00+05:30,300,BUY_CE,24500,133.75,2025-08-29 10:40:00+05:30,146.75,SL Hit,146.75,107.08,True,13.0,975.0
2025-08-29 11:55:00+05:30,2025-08-29 12:00:00+05:30,300,BUY_CE,24500,133.15,2025-08-29 13:10:00+05:30,107.76,SL Hit,107.76,107.76,False,-25.39,-1904.25
2025-08-29 13:55:00+05:30,2025-08-29 14:00:00+05:30,300,BUY_PE,24500,83.8,2025-08-29 14:10:00+05:30,68.53,SL Hit,68.53,68.53,False,-15.27,-1145.25
2025-08-29 14:20:00+05:30,2025-08-29 14:25:00+05:30,300,BUY_CE,24500,115.55,2025-08-29 14:30:00+05:30,92.66,SL Hit,92.66,92.66,False,-22.89,-1716.75
2025-09-01 10:25:00+05:30,2025-09-01 10:30:00+05:30,300,BUY_CE,24500,97.0,2025-09-01 12:20:00+05:30,110.0,SL Hit,110.0,72.61,True,13.0,975.0
2025-09-01 12:25:00+05:30,2025-09-01 12:30:00+05:30,300,BUY_CE,24500,119.3,2025-09-01 13:05:00+05:30,132.3,SL Hit,132.3,102.27,True,13.0,975.0
2025-09-01 13:15:00+05:30,2025-09-01 13:20:00+05:30,300,BUY_CE,24500,128.45,2025-09-01 13:30:00+05:30,141.45,SL Hit,141.45,110.61,True,13.0,975.0
2025-09-01 14:05:00+05:30,2025-09-01 14:10:00+05:30,300,BUY_CE,24500,146.15,2025-09-01 14:55:00+05:30,159.15,SL Hit,159.15,128.82,True,13.0,975.0
2025-09-02 12:15:00+05:30,2025-09-02 12:20:00+05:30,300,BUY_PE,24650,9.25,2025-09-02 12:25:00+05:30,5.85,SL Hit,5.85,5.85,False,-3.4,-255.0
2025-09-02 12:30:00+05:30,2025-09-02 12:35:00+05:30,300,BUY_CE,24650,112.25,2025-09-02 13:15:00+05:30,90.04,SL Hit,90.04,90.04,False,-22.21,-1665.75
2025-09-02 13:20:00+05:30,2025-09-02 13:25:00+05:30,300,BUY_PE,24650,11.35,2025-09-02 13:30:00+05:30,7.19,SL Hit,7.19,7.19,False,-4.16,-312.0
2025-09-02 13:45:00+05:30,2025-09-02 13:50:00+05:30,300,BUY_PE,24650,18.3,2025-09-02 14:45:00+05:30,61.5,MACD/EMA Exit,31.3,7.31,True,43.2,3240.0
2025-09-03 10:20:00+05:30,2025-09-03 10:25:00+05:30,300,BUY_CE,24600,127.85,2025-09-03 12:45:00+05:30,140.85,SL Hit,140.85,102.21,True,13.0,975.0
2025-09-03 13:30:00+05:30,2025-09-03 13:35:00+05:30,300,BUY_CE,24600,132.75,2025-09-03 13:40:00+05:30,145.75,SL Hit,145.75,112.32,True,13.0,975.0
2025-09-03 13:45:00+05:30,2025-09-03 13:50:00+05:30,300,BUY_CE,24600,150.25,2025-09-03 14:00:00+05:30,163.25,SL Hit,163.25,130.11,True,13.0,975.0
2025-09-04 10:35:00+05:30,2025-09-04 10:40:00+05:30,300,BUY_PE,24850,105.7,2025-09-04 10:45:00+05:30,118.7,SL Hit,118.7,79.03,True,13.0,975.0
2025-09-04 10:55:00+05:30,2025-09-04 11:00:00+05:30,300,BUY_PE,24850,102.1,2025-09-04 11:10:00+05:30,115.1,SL Hit,115.1,75.43,True,13.0,975.0
2025-09-04 11:25:00+05:30,2025-09-04 11:30:00+05:30,300,BUY_PE,24850,107.85,2025-09-04 12:10:00+05:30,120.85,SL Hit,120.85,82.8,True,13.0,975.0
2025-09-04 12:20:00+05:30,2025-09-04 12:25:00+05:30,300,BUY_PE,24850,137.65,2025-09-04 12:40:00+05:30,113.32,SL Hit,113.32,113.32,False,-24.33,-1824.75
2025-09-04 12:55:00+05:30,2025-09-04 13:00:00+05:30,300,BUY_CE,24850,109.85,2025-09-04 13:40:00+05:30,89.83,SL Hit,89.83,89.83,False,-20.02,-1501.5
2025-09-04 13:45:00+05:30,2025-09-04 13:50:00+05:30,300,BUY_PE,24850,127.8,2025-09-04 14:15:00+05:30,140.8,SL Hit,140.8,104.57,True,13.0,975.0
2025-09-04 14:20:00+05:30,2025-09-04 14:25:00+05:30,300,BUY_PE,24850,160.0,2025-09-04 15:25:00+05:30,150.8,EOD Exit,133.33,133.33,False,-9.2,-690.0
2025-09-05 10:15:00+05:30,2025-09-05 10:20:00+05:30,300,BUY_PE,24850,220.5,2025-09-05 10:25:00+05:30,193.83,SL Hit,193.83,193.83,False,-26.67,-2000.25
2025-09-05 11:45:00+05:30,2025-09-05 11:50:00+05:30,300,BUY_PE,24850,198.25,2025-09-05 12:00:00+05:30,211.25,SL Hit,211.25,171.58,True,13.0,975.0
2025-09-05 12:15:00+05:30,2025-09-05 12:20:00+05:30,300,BUY_PE,24850,212.75,2025-09-05 12:30:00+05:30,225.75,SL Hit,225.75,186.08,True,13.0,975.0
2025-09-05 13:25:00+05:30,2025-09-05 13:30:00+05:30,300,BUY_CE,24850,34.85,2025-09-05 14:35:00+05:30,47.85,SL Hit,47.85,27.42,True,13.0,975.0
2025-09-08 10:45:00+05:30,2025-09-08 10:50:00+05:30,300,BUY_CE,24800,73.15,2025-09-08 11:15:00+05:30,86.15,SL Hit,86.15,47.91,True,13.0,975.0
2025-09-08 11:40:00+05:30,2025-09-08 11:45:00+05:30,300,BUY_CE,24800,89.1,2025-09-08 13:20:00+05:30,102.1,SL Hit,102.1,68.81,True,13.0,975.0
2025-09-08 14:10:00+05:30,2025-09-08 14:15:00+05:30,300,BUY_CE,24800,98.85,2025-09-08 14:35:00+05:30,111.85,SL Hit,111.85,73.34,True,13.0,975.0
2025-09-09 10:25:00+05:30,2025-09-09 10:30:00+05:30,300,BUY_PE,24900,86.8,2025-09-09 10:35:00+05:30,99.8,SL Hit,99.8,60.13,True,13.0,975.0
2025-09-09 11:50:00+05:30,2025-09-09 11:55:00+05:30,300,BUY_CE,24900,18.05,2025-09-09 14:20:00+05:30,9.87,SL Hit,9.87,9.87,False,-8.18,-613.5
2025-09-09 14:25:00+05:30,2025-09-09 14:30:00+05:30,300,BUY_CE,24900,11.05,2025-09-09 15:25:00+05:30,0.05,EOD Exit,-3.29,-3.29,False,-11.0,-825.0
2025-09-10 11:05:00+05:30,2025-09-10 11:10:00+05:30,300,BUY_CE,24950,182.8,2025-09-10 11:15:00+05:30,164.56,SL Hit,164.56,164.56,False,-18.24,-1368.0
2025-09-10 11:25:00+05:30,2025-09-10 11:30:00+05:30,300,BUY_PE,24950,84.05,2025-09-10 13:15:00+05:30,97.05,SL Hit,97.05,73.04,True,13.0,975.0
2025-09-10 14:15:00+05:30,2025-09-10 14:20:00+05:30,300,BUY_PE,24950,90.8,2025-09-10 15:15:00+05:30,78.69,SL Hit,78.69,78.69,False,-12.11,-908.25
2025-09-11 10:25:00+05:30,2025-09-11 10:30:00+05:30,300,BUY_CE,25000,108.75,2025-09-11 12:20:00+05:30,121.75,SL Hit,121.75,91.33,True,13.0,975.0
2025-09-11 12:25:00+05:30,2025-09-11 12:30:00+05:30,300,BUY_CE,25000,122.85,2025-09-11 15:25:00+05:30,121.7,EOD Exit,111.34,111.34,False,-1.15,-86.25
2025-09-12 10:45:00+05:30,2025-09-12 10:50:00+05:30,300,BUY_CE,25050,119.95,2025-09-12 11:20:00+05:30,132.95,SL Hit,132.95,105.95,True,13.0,975.0
2025-09-12 11:25:00+05:30,2025-09-12 11:30:00+05:30,300,BUY_CE,25050,139.15,2025-09-12 12:50:00+05:30,123.34,SL Hit,123.34,123.34,False,-15.81,-1185.75
2025-09-12 13:40:00+05:30,2025-09-12 13:45:00+05:30,300,BUY_PE,25050,44.8,2025-09-12 13:55:00+05:30,40.66,SL Hit,40.66,40.66,False,-4.14,-310.5
2025-09-12 14:00:00+05:30,2025-09-12 14:05:00+05:30,300,BUY_CE,25050,135.9,2025-09-12 14:55:00+05:30,123.89,SL Hit,123.89,123.89,False,-12.01,-900.75
2025-09-15 10:40:00+05:30,2025-09-15 10:45:00+05:30,300,BUY_PE,25150,92.5,2025-09-15 11:50:00+05:30,75.84,SL Hit,75.84,75.84,False,-16.66,-1249.5
2025-09-15 11:55:00+05:30,2025-09-15 12:00:00+05:30,300,BUY_CE,25150,40.05,2025-09-15 12:40:00+05:30,33.84,SL Hit,33.84,33.84,False,-6.21,-465.75
2025-09-15 13:00:00+05:30,2025-09-15 13:05:00+05:30,300,BUY_CE,25150,35.15,2025-09-15 13:45:00+05:30,28.41,SL Hit,28.41,28.41,False,-6.74,-505.5
2025-09-16 11:25:00+05:30,2025-09-16 11:30:00+05:30,300,BUY_CE,25100,86.45,2025-09-16 12:20:00+05:30,106.4,MACD/EMA Exit,99.45,71.16,True,19.95,1496.25
2025-09-16 12:25:00+05:30,2025-09-16 12:30:00+05:30,300,BUY_CE,25100,105.0,2025-09-16 12:35:00+05:30,118.0,SL Hit,118.0,88.36,True,13.0,975.0
2025-09-16 14:00:00+05:30,2025-09-16 14:05:00+05:30,300,BUY_CE,25100,83.5,2025-09-16 14:15:00+05:30,96.5,SL Hit,96.5,64.11,True,13.0,975.0
2025-09-16 14:20:00+05:30,2025-09-16 14:25:00+05:30,300,BUY_CE,25100,102.25,2025-09-16 14:40:00+05:30,115.25,SL Hit,115.25,80.41,True,13.0,975.0
2025-09-17 10:55:00+05:30,2025-09-17 11:00:00+05:30,300,BUY_CE,25300,157.2,2025-09-17 14:25:00+05:30,141.4,SL Hit,141.4,141.4,False,-15.8,-1185.0
2025-09-18 11:50:00+05:30,2025-09-18 11:55:00+05:30,300,BUY_PE,25400,60.0,2025-09-18 12:35:00+05:30,73.0,SL Hit,73.0,55.56,True,13.0,975.0
2025-09-18 12:40:00+05:30,2025-09-18 12:45:00+05:30,300,BUY_PE,25400,74.95,2025-09-18 13:00:00+05:30,87.95,SL Hit,87.95,66.46,True,13.0,975.0
2025-09-18 13:30:00+05:30,2025-09-18 13:35:00+05:30,300,BUY_PE,25400,74.8,2025-09-18 14:05:00+05:30,87.8,SL Hit,87.8,58.87,True,13.0,975.0
2025-09-18 14:30:00+05:30,2025-09-18 14:35:00+05:30,300,BUY_PE,25400,84.65,2025-09-18 14:45:00+05:30,72.64,SL Hit,72.64,72.64,False,-12.01,-900.75
2025-09-19 10:30:00+05:30,2025-09-19 10:35:00+05:30,300,BUY_PE,25400,110.35,2025-09-19 11:00:00+05:30,123.35,SL Hit,123.35,83.68,True,13.0,975.0
2025-09-19 11:50:00+05:30,2025-09-19 11:55:00+05:30,300,BUY_PE,25400,126.2,2025-09-19 12:55:00+05:30,109.29,SL Hit,109.29,109.29,False,-16.91,-1268.25
2025-09-19 13:00:00+05:30,2025-09-19 13:05:00+05:30,300,BUY_CE,25400,55.4,2025-09-19 15:25:00+05:30,54.5,EOD Exit,48.29,48.29,False,-0.9,-67.5
2025-09-22 10:30:00+05:30,2025-09-22 10:35:00+05:30,300,BUY_CE,25250,115.6,2025-09-22 11:30:00+05:30,92.15,SL Hit,92.15,92.15,False,-23.45,-1758.75
2025-09-22 11:50:00+05:30,2025-09-22 11:55:00+05:30,300,BUY_PE,25250,29.8,2025-09-22 14:25:00+05:30,42.8,SL Hit,42.8,22.14,True,13.0,975.0
2025-09-22 14:30:00+05:30,2025-09-22 14:35:00+05:30,300,BUY_PE,25250,45.45,2025-09-22 14:50:00+05:30,58.45,SL Hit,58.45,35.72,True,13.0,975.0
2025-09-23 10:20:00+05:30,2025-09-23 10:25:00+05:30,300,BUY_PE,25250,130.95,2025-09-23 11:10:00+05:30,145.65,MACD/EMA Exit,143.95,104.28,True,14.7,1102.5
2025-09-23 12:05:00+05:30,2025-09-23 12:10:00+05:30,300,BUY_CE,25250,8.25,2025-09-23 12:40:00+05:30,21.25,SL Hit,21.25,5.49,True,13.0,975.0
2025-09-23 14:05:00+05:30,2025-09-23 14:10:00+05:30,300,BUY_CE,25250,35.7,2025-09-23 14:25:00+05:30,11.61,SL Hit,11.61,11.61,False,-24.09,-1806.75
2025-09-24 10:40:00+05:30,2025-09-24 10:45:00+05:30,300,BUY_PE,25100,98.4,2025-09-24 11:00:00+05:30,115.55,MACD/EMA Exit,111.4,81.89,True,17.15,1286.25
2025-09-24 12:05:00+05:30,2025-09-24 12:10:00+05:30,300,BUY_PE,25100,98.65,2025-09-24 12:30:00+05:30,82.17,SL Hit,82.17,82.17,False,-16.48,-1236.0
2025-09-24 12:45:00+05:30,2025-09-24 12:50:00+05:30,300,BUY_CE,25100,131.95,2025-09-24 13:55:00+05:30,144.95,SL Hit,144.95,116.95,True,13.0,975.0
2025-09-24 14:20:00+05:30,2025-09-24 14:25:00+05:30,300,BUY_PE,25100,85.3,2025-09-24 15:00:00+05:30,98.3,SL Hit,98.3,74.53,True,13.0,975.0
2025-09-25 10:40:00+05:30,2025-09-25 10:45:00+05:30,300,BUY_PE,25050,101.15,2025-09-25 11:40:00+05:30,114.15,SL Hit,114.15,81.34,True,13.0,975.0
2025-09-25 11:45:00+05:30,2025-09-25 11:50:00+05:30,300,BUY_PE,25050,106.55,2025-09-25 12:10:00+05:30,119.55,SL Hit,119.55,87.08,True,13.0,975.0
2025-09-25 13:45:00+05:30,2025-09-25 13:50:00+05:30,300,BUY_CE,25050,93.75,2025-09-25 14:00:00+05:30,81.31,SL Hit,81.31,81.31,False,-12.44,-933.0
2025-09-25 14:05:00+05:30,2025-09-25 14:10:00+05:30,300,BUY_PE,25050,114.1,2025-09-25 14:35:00+05:30,127.1,SL Hit,127.1,95.69,True,13.0,975.0
2025-09-26 10:55:00+05:30,2025-09-26 11:00:00+05:30,300,BUY_PE,24800,73.3,2025-09-26 11:30:00+05:30,86.3,SL Hit,86.3,60.7,True,13.0,975.0
2025-09-26 11:35:00+05:30,2025-09-26 11:40:00+05:30,300,BUY_PE,24800,86.8,2025-09-26 12:45:00+05:30,72.29,SL Hit,72.29,72.29,False,-14.51,-1088.25
2025-09-26 12:50:00+05:30,2025-09-26 12:55:00+05:30,300,BUY_CE,24800,102.1,2025-09-26 13:10:00+05:30,88.21,SL Hit,88.21,88.21,False,-13.89,-1041.75
2025-09-26 13:15:00+05:30,2025-09-26 13:20:00+05:30,300,BUY_PE,24800,84.45,2025-09-26 14:45:00+05:30,154.5,MACD/EMA Exit,97.45,72.16,True,70.05,5253.75
2025-09-29 11:05:00+05:30,2025-09-29 11:10:00+05:30,300,BUY_CE,24650,177.05,2025-09-29 11:30:00+05:30,150.38,SL Hit,150.38,150.38,False,-26.67,-2000.25
2025-09-29 11:35:00+05:30,2025-09-29 11:40:00+05:30,300,BUY_PE,24650,40.55,2025-09-29 11:45:00+05:30,53.55,SL Hit,53.55,29.71,True,13.0,975.0
2025-09-29 12:40:00+05:30,2025-09-29 12:45:00+05:30,300,BUY_PE,24650,68.5,2025-09-29 13:00:00+05:30,48.89,SL Hit,48.89,48.89,False,-19.61,-1470.75
2025-09-29 13:20:00+05:30,2025-09-29 13:25:00+05:30,300,BUY_CE,24650,119.45,2025-09-29 13:30:00+05:30,132.45,SL Hit,132.45,94.73,True,13.0,975.0
2025-09-29 13:35:00+05:30,2025-09-29 13:40:00+05:30,300,BUY_CE,24650,127.5,2025-09-29 14:00:00+05:30,140.5,SL Hit,140.5,100.83,True,13.0,975.0
2025-09-30 10:55:00+05:30,2025-09-30 11:00:00+05:30,300,BUY_PE,24700,85.5,2025-09-30 12:15:00+05:30,58.83,SL Hit,58.83,58.83,False,-26.67,-2000.25
2025-09-30 12:20:00+05:30,2025-09-30 12:25:00+05:30,300,BUY_CE,24700,29.4,2025-09-30 13:25:00+05:30,13.17,SL Hit,13.17,13.17,False,-16.23,-1217.25
2025-09-30 13:30:00+05:30,2025-09-30 13:35:00+05:30,300,BUY_PE,24700,66.95,2025-09-30 13:50:00+05:30,79.95,SL Hit,79.95,40.28,True,13.0,975.0
2025-09-30 14:10:00+05:30,2025-09-30 14:15:00+05:30,300,BUY_PE,24700,83.25,2025-09-30 14:20:00+05:30,96.25,SL Hit,96.25,56.58,True,13.0,975.0
2025-10-01 10:15:00+05:30,2025-10-01 10:20:00+05:30,300,BUY_CE,24750,81.6,2025-10-01 10:35:00+05:30,94.6,SL Hit,94.6,57.79,True,13.0,975.0
2025-10-01 10:45:00+05:30,2025-10-01 10:50:00+05:30,300,BUY_CE,24750,83.5,2025-10-01 11:05:00+05:30,96.5,SL Hit,96.5,61.44,True,13.0,975.0
2025-10-01 11:15:00+05:30,2025-10-01 11:20:00+05:30,300,BUY_CE,24750,109.05,2025-10-01 12:25:00+05:30,155.45,MACD/EMA Exit,122.05,90.3,True,46.4,3480.0
2025-10-01 13:10:00+05:30,2025-10-01 13:15:00+05:30,300,BUY_CE,24750,141.45,2025-10-01 13:25:00+05:30,155.05,MACD/EMA Exit,154.45,116.61,True,13.6,1020.0
2025-10-01 14:05:00+05:30,2025-10-01 14:10:00+05:30,300,BUY_CE,24750,164.7,2025-10-01 14:30:00+05:30,177.7,SL Hit,177.7,142.54,True,13.0,975.0
2025-10-03 10:15:00+05:30,2025-10-03 10:20:00+05:30,300,BUY_PE,24800,75.55,2025-10-03 12:05:00+05:30,52.08,SL Hit,52.08,52.08,False,-23.47,-1760.25
2025-10-03 12:10:00+05:30,2025-10-03 12:15:00+05:30,300,BUY_CE,24800,117.35,2025-10-03 12:30:00+05:30,97.41,SL Hit,97.41,97.41,False,-19.94,-1495.5
2025-10-03 12:45:00+05:30,2025-10-03 12:50:00+05:30,300,BUY_CE,24800,103.75,2025-10-03 13:10:00+05:30,116.75,SL Hit,116.75,84.09,True,13.0,975.0
2025-10-03 13:35:00+05:30,2025-10-03 13:40:00+05:30,300,BUY_PE,24800,59.8,2025-10-03 14:35:00+05:30,48.47,SL Hit,48.47,48.47,False,-11.33,-849.75
2025-10-06 12:05:00+05:30,2025-10-06 12:10:00+05:30,300,BUY_CE,24950,98.85,2025-10-06 12:45:00+05:30,111.85,SL Hit,111.85,81.06,True,13.0,975.0
2025-10-06 12:50:00+05:30,2025-10-06 12:55:00+05:30,300,BUY_CE,24950,112.25,2025-10-06 13:50:00+05:30,156.95,MACD/EMA Exit,125.25,96.14,True,44.7,3352.5
2025-10-07 11:20:00+05:30,2025-10-07 11:25:00+05:30,300,BUY_PE,25150,61.25,2025-10-07 11:35:00+05:30,74.25,SL Hit,74.25,41.32,True,13.0,975.0
2025-10-07 12:40:00+05:30,2025-10-07 12:45:00+05:30,300,BUY_CE,25150,41.05,2025-10-07 13:30:00+05:30,54.05,SL Hit,54.05,23.41,True,13.0,975.0
2025-10-07 13:35:00+05:30,2025-10-07 13:40:00+05:30,300,BUY_CE,25150,57.55,2025-10-07 13:45:00+05:30,70.55,SL Hit,70.55,32.0,True,13.0,975.0
2025-10-07 14:30:00+05:30,2025-10-07 14:35:00+05:30,300,BUY_PE,25150,13.3,2025-10-07 14:40:00+05:30,26.3,SL Hit,26.3,3.7,True,13.0,975.0
2025-10-08 10:15:00+05:30,2025-10-08 10:20:00+05:30,300,BUY_PE,25150,95.2,2025-10-08 10:30:00+05:30,108.2,SL Hit,108.2,73.47,True,13.0,975.0
2025-10-08 10:55:00+05:30,2025-10-08 11:00:00+05:30,300,BUY_PE,25150,123.4,2025-10-08 11:55:00+05:30,147.65,MACD/EMA Exit,136.4,101.21,True,24.25,1818.75
2025-10-08 12:25:00+05:30,2025-10-08 12:30:00+05:30,300,BUY_PE,25150,167.5,2025-10-08 12:45:00+05:30,140.83,SL Hit,140.83,140.83,False,-26.67,-2000.25
2025-10-08 12:50:00+05:30,2025-10-08 12:55:00+05:30,300,BUY_CE,25150,88.0,2025-10-08 13:10:00+05:30,101.0,SL Hit,101.0,72.71,True,13.0,975.0
2025-10-08 13:15:00+05:30,2025-10-08 13:20:00+05:30,300,BUY_CE,25150,100.7,2025-10-08 14:05:00+05:30,83.27,SL Hit,83.27,83.27,False,-17.43,-1307.25
2025-10-09 10:15:00+05:30,2025-10-09 10:20:00+05:30,300,BUY_PE,25100,105.1,2025-10-09 10:40:00+05:30,78.43,SL Hit,78.43,78.43,False,-26.67,-2000.25
2025-10-09 10:45:00+05:30,2025-10-09 10:50:00+05:30,300,BUY_CE,25100,113.25,2025-10-09 12:00:00+05:30,144.25,MACD/EMA Exit,126.25,90.48,True,31.0,2325.0
2025-10-09 12:55:00+05:30,2025-10-09 13:00:00+05:30,300,BUY_PE,25100,62.45,2025-10-09 13:50:00+05:30,51.14,SL Hit,51.14,51.14,False,-11.31,-848.25
2025-10-09 13:55:00+05:30,2025-10-09 14:00:00+05:30,300,BUY_CE,25100,161.7,2025-10-09 14:15:00+05:30,140.82,SL Hit,140.82,140.82,False,-20.88,-1566.0
2025-10-09 14:20:00+05:30,2025-10-09 14:25:00+05:30,300,BUY_PE,25100,60.55,2025-10-09 14:50:00+05:30,49.39,SL Hit,49.39,49.39,False,-11.16,-837.0
2025-10-10 10:55:00+05:30,2025-10-10 11:00:00+05:30,300,BUY_CE,25200,190.55,2025-10-10 11:10:00+05:30,204.4,MACD/EMA Exit,203.55,163.88,True,13.85,1038.75
2025-10-10 11:50:00+05:30,2025-10-10 11:55:00+05:30,300,BUY_CE,25200,188.65,2025-10-10 12:45:00+05:30,201.65,SL Hit,201.65,161.98,True,13.0,975.0
2025-10-10 12:55:00+05:30,2025-10-10 13:00:00+05:30,300,BUY_CE,25200,199.8,2025-10-10 13:35:00+05:30,212.8,SL Hit,212.8,176.61,True,13.0,975.0
2025-10-10 14:30:00+05:30,2025-10-10 14:35:00+05:30,300,BUY_PE,25200,29.5,2025-10-10 15:25:00+05:30,27.0,EOD Exit,23.69,23.69,False,-2.5,-187.5
2025-10-13 10:55:00+05:30,2025-10-13 11:00:00+05:30,300,BUY_PE,25200,74.0,2025-10-13 11:20:00+05:30,87.85,MACD/EMA Exit,87.0,56.03,True,13.85,1038.75
2025-10-13 12:20:00+05:30,2025-10-13 12:25:00+05:30,300,BUY_PE,25200,74.1,2025-10-13 12:55:00+05:30,58.0,SL Hit,58.0,58.0,False,-16.1,-1207.5
2025-10-13 13:10:00+05:30,2025-10-13 13:15:00+05:30,300,BUY_CE,25200,71.75,2025-10-13 15:00:00+05:30,84.75,SL Hit,84.75,55.61,True,13.0,975.0
2025-10-14 10:40:00+05:30,2025-10-14 10:45:00+05:30,300,BUY_PE,25300,90.0,2025-10-14 12:00:00+05:30,154.4,MACD/EMA Exit,103.0,63.33,True,64.4,4830.0
2025-10-14 12:10:00+05:30,2025-10-14 12:15:00+05:30,300,BUY_PE,25300,187.55,2025-10-14 13:00:00+05:30,216.05,MACD/EMA Exit,200.55,160.88,True,28.5,2137.5
2025-10-14 13:55:00+05:30,2025-10-14 14:00:00+05:30,300,BUY_CE,25300,1.8,2025-10-14 14:45:00+05:30,0.51,SL Hit,0.51,0.51,False,-1.29,-96.75
2025-10-15 10:15:00+05:30,2025-10-15 10:20:00+05:30,300,BUY_CE,25250,148.95,2025-10-15 11:10:00+05:30,182.15,MACD/EMA Exit,161.95,122.28,True,33.2,2490.0
2025-10-15 12:25:00+05:30,2025-10-15 12:30:00+05:30,300,BUY_CE,25250,185.05,2025-10-15 12:40:00+05:30,198.05,SL Hit,198.05,163.06,True,13.0,975.0
2025-10-15 12:50:00+05:30,2025-10-15 12:55:00+05:30,300,BUY_CE,25250,203.45,2025-10-15 13:15:00+05:30,216.45,SL Hit,216.45,184.26,True,13.0,975.0
2025-10-15 13:20:00+05:30,2025-10-15 13:25:00+05:30,300,BUY_CE,25250,217.2,2025-10-15 13:30:00+05:30,230.2,SL Hit,230.2,196.44,True,13.0,975.0
2025-10-16 11:55:00+05:30,2025-10-16 12:00:00+05:30,300,BUY_CE,25500,87.5,2025-10-16 12:10:00+05:30,100.5,SL Hit,100.5,75.13,True,13.0,975.0
2025-10-16 12:15:00+05:30,2025-10-16 12:20:00+05:30,300,BUY_CE,25500,99.4,2025-10-16 12:25:00+05:30,112.4,SL Hit,112.4,85.41,True,13.0,975.0
2025-10-16 12:30:00+05:30,2025-10-16 12:35:00+05:30,300,BUY_CE,25500,120.2,2025-10-16 12:50:00+05:30,133.2,SL Hit,133.2,104.29,True,13.0,975.0
2025-10-16 13:30:00+05:30,2025-10-16 13:35:00+05:30,300,BUY_CE,25500,135.75,2025-10-16 13:45:00+05:30,148.75,SL Hit,148.75,114.94,True,13.0,975.0
2025-10-16 14:05:00+05:30,2025-10-16 14:10:00+05:30,300,BUY_CE,25500,167.4,2025-10-16 14:45:00+05:30,180.4,SL Hit,180.4,144.99,True,13.0,975.0
2025-10-17 10:15:00+05:30,2025-10-17 10:20:00+05:30,300,BUY_CE,25600,152.5,2025-10-17 10:35:00+05:30,165.5,SL Hit,165.5,125.83,True,13.0,975.0
2025-10-17 11:00:00+05:30,2025-10-17 11:05:00+05:30,300,BUY_CE,25600,213.15,2025-10-17 11:10:00+05:30,226.15,SL Hit,226.15,186.48,True,13.0,975.0
2025-10-17 12:20:00+05:30,2025-10-17 12:25:00+05:30,300,BUY_CE,25600,229.4,2025-10-17 12:40:00+05:30,202.73,SL Hit,202.73,202.73,False,-26.67,-2000.25
2025-10-17 12:50:00+05:30,2025-10-17 12:55:00+05:30,300,BUY_PE,25600,54.5,2025-10-17 13:05:00+05:30,67.5,SL Hit,67.5,43.05,True,13.0,975.0
2025-10-17 13:10:00+05:30,2025-10-17 13:15:00+05:30,300,BUY_PE,25600,64.75,2025-10-17 13:35:00+05:30,77.75,SL Hit,77.75,48.0,True,13.0,975.0
2025-10-20 10:40:00+05:30,2025-10-20 10:45:00+05:30,300,BUY_CE,25900,44.45,2025-10-20 10:50:00+05:30,57.45,SL Hit,57.45,19.46,True,13.0,975.0
2025-10-20 11:55:00+05:30,2025-10-20 12:00:00+05:30,300,BUY_PE,25900,71.05,2025-10-20 12:40:00+05:30,44.38,SL Hit,44.38,44.38,False,-26.67,-2000.25
2025-10-20 12:50:00+05:30,2025-10-20 12:55:00+05:30,300,BUY_CE,25900,31.05,2025-10-20 13:05:00+05:30,44.05,SL Hit,44.05,18.49,True,13.0,975.0
2025-10-20 13:10:00+05:30,2025-10-20 13:15:00+05:30,300,BUY_CE,25900,40.9,2025-10-20 13:35:00+05:30,22.84,SL Hit,22.84,22.84,False,-18.06,-1354.5
2025-10-20 14:00:00+05:30,2025-10-20 14:05:00+05:30,300,BUY_PE,25900,56.5,2025-10-20 15:05:00+05:30,69.5,SL Hit,69.5,31.26,True,13.0,975.0
2025-10-23 11:40:00+05:30,2025-10-23 11:45:00+05:30,300,BUY_CE,26000,204.7,2025-10-23 11:50:00+05:30,218.3,MACD/EMA Exit,217.7,182.66,True,13.6,1020.0
2025-10-23 12:30:00+05:30,2025-10-23 12:35:00+05:30,300,BUY_CE,26000,227.9,2025-10-23 12:45:00+05:30,210.37,SL Hit,210.37,210.37,False,-17.53,-1314.75
2025-10-23 13:00:00+05:30,2025-10-23 13:05:00+05:30,300,BUY_PE,26000,64.6,2025-10-23 13:35:00+05:30,77.6,SL Hit,77.6,57.8,True,13.0,975.0
2025-10-23 13:55:00+05:30,2025-10-23 14:00:00+05:30,300,BUY_PE,26000,88.6,2025-10-23 14:10:00+05:30,101.6,SL Hit,101.6,75.11,True,13.0,975.0
2025-10-24 10:15:00+05:30,2025-10-24 10:20:00+05:30,300,BUY_PE,25850,95.85,2025-10-24 10:40:00+05:30,108.85,SL Hit,108.85,69.18,True,13.0,975.0
2025-10-24 12:05:00+05:30,2025-10-24 12:10:00+05:30,300,BUY_CE,25850,127.3,2025-10-24 12:20:00+05:30,140.3,SL Hit,140.3,102.91,True,13.0,975.0
2025-10-24 12:35:00+05:30,2025-10-24 12:40:00+05:30,300,BUY_CE,25850,123.8,2025-10-24 13:05:00+05:30,97.13,SL Hit,97.13,97.13,False,-26.67,-2000.25
2025-10-24 13:20:00+05:30,2025-10-24 13:25:00+05:30,300,BUY_PE,25850,106.95,2025-10-24 14:15:00+05:30,134.35,MACD/EMA Exit,119.95,83.99,True,27.4,2055.0
2025-10-27 12:00:00+05:30,2025-10-27 12:05:00+05:30,300,BUY_CE,25900,186.7,2025-10-27 12:25:00+05:30,160.03,SL Hit,160.03,160.03,False,-26.67,-2000.25
2025-10-27 13:00:00+05:30,2025-10-27 13:05:00+05:30,300,BUY_PE,25900,39.75,2025-10-27 13:20:00+05:30,52.75,SL Hit,52.75,31.73,True,13.0,975.0
2025-10-27 13:55:00+05:30,2025-10-27 14:00:00+05:30,300,BUY_PE,25900,35.85,2025-10-27 15:25:00+05:30,26.8,EOD Exit,22.16,22.16,False,-9.05,-678.75
2025-10-28 10:35:00+05:30,2025-10-28 10:40:00+05:30,300,BUY_PE,26000,141.45,2025-10-28 10:55:00+05:30,154.45,SL Hit,154.45,114.78,True,13.0,975.0
2025-10-28 11:55:00+05:30,2025-10-28 12:00:00+05:30,300,BUY_PE,26000,155.2,2025-10-28 12:05:00+05:30,168.2,SL Hit,168.2,128.53,True,13.0,975.0
2025-10-28 12:35:00+05:30,2025-10-28 12:40:00+05:30,300,BUY_CE,26000,17.65,2025-10-28 12:45:00+05:30,30.65,SL Hit,30.65,8.75,True,13.0,975.0
2025-10-28 12:50:00+05:30,2025-10-28 12:55:00+05:30,300,BUY_CE,26000,26.55,2025-10-28 13:35:00+05:30,15.34,SL Hit,15.34,15.34,False,-11.21,-840.75
2025-10-28 14:05:00+05:30,2025-10-28 14:10:00+05:30,300,BUY_PE,26000,140.75,2025-10-28 14:20:00+05:30,153.75,SL Hit,153.75,114.08,True,13.0,975.0
2025-10-28 14:30:00+05:30,2025-10-28 14:35:00+05:30,300,BUY_PE,26000,167.05,2025-10-28 14:45:00+05:30,180.05,SL Hit,180.05,140.38,True,13.0,975.0
2025-10-29 10:25:00+05:30,2025-10-29 10:30:00+05:30,300,BUY_CE,26000,219.95,2025-10-29 10:35:00+05:30,232.95,SL Hit,232.95,193.28,True,13.0,975.0
2025-10-29 11:25:00+05:30,2025-10-29 11:30:00+05:30,300,BUY_CE,26000,216.5,2025-10-29 12:05:00+05:30,229.5,SL Hit,229.5,189.83,True,13.0,975.0
2025-10-29 12:40:00+05:30,2025-10-29 12:45:00+05:30,300,BUY_CE,26000,243.35,2025-10-29 13:55:00+05:30,221.48,SL Hit,221.48,221.48,False,-21.87,-1640.25
2025-10-29 14:00:00+05:30,2025-10-29 14:05:00+05:30,300,BUY_PE,26000,92.7,2025-10-29 15:25:00+05:30,86.45,EOD Exit,81.41,81.41,False,-6.25,-468.75
2025-10-30 11:20:00+05:30,2025-10-30 11:25:00+05:30,300,BUY_CE,26000,135.9,2025-10-30 11:40:00+05:30,115.52,SL Hit,115.52,115.52,False,-20.38,-1528.5
2025-10-30 11:50:00+05:30,2025-10-30 11:55:00+05:30,300,BUY_PE,26000,156.8,2025-10-30 12:15:00+05:30,169.8,SL Hit,169.8,135.64,True,13.0,975.0
2025-10-30 12:55:00+05:30,2025-10-30 13:00:00+05:30,300,BUY_PE,26000,159.25,2025-10-30 13:35:00+05:30,172.25,SL Hit,172.25,137.56,True,13.0,975.0
2025-10-30 13:45:00+05:30,2025-10-30 13:50:00+05:30,300,BUY_PE,26000,174.3,2025-10-30 14:20:00+05:30,149.92,SL Hit,149.92,149.92,False,-24.38,-1828.5
2025-10-31 10:15:00+05:30,2025-10-31 10:20:00+05:30,300,BUY_PE,25850,81.45,2025-10-31 10:25:00+05:30,94.45,SL Hit,94.45,56.41,True,13.0,975.0
2025-10-31 10:30:00+05:30,2025-10-31 10:35:00+05:30,300,BUY_PE,25850,105.95,2025-10-31 10:40:00+05:30,118.95,SL Hit,118.95,82.81,True,13.0,975.0
2025-10-31 12:25:00+05:30,2025-10-31 12:30:00+05:30,300,BUY_PE,25850,116.2,2025-10-31 13:35:00+05:30,129.2,SL Hit,129.2,91.7,True,13.0,975.0
2025-10-31 13:40:00+05:30,2025-10-31 13:45:00+05:30,300,BUY_PE,25850,125.5,2025-10-31 15:25:00+05:30,119.45,EOD Exit,107.51,107.51,False,-6.05,-453.75
2025-11-03 10:35:00+05:30,2025-11-03 10:40:00+05:30,300,BUY_CE,25700,147.05,2025-11-03 10:45:00+05:30,160.05,SL Hit,160.05,120.38,True,13.0,975.0
2025-11-03 10:55:00+05:30,2025-11-03 11:00:00+05:30,300,BUY_CE,25700,137.05,2025-11-03 11:40:00+05:30,110.38,SL Hit,110.38,110.38,False,-26.67,-2000.25
2025-11-03 12:05:00+05:30,2025-11-03 12:10:00+05:30,300,BUY_PE,25700,64.15,2025-11-03 12:45:00+05:30,50.73,SL Hit,50.73,50.73,False,-13.42,-1006.5
2025-11-03 13:25:00+05:30,2025-11-03 13:30:00+05:30,300,BUY_CE,25700,114.4,2025-11-03 13:55:00+05:30,127.4,SL Hit,127.4,93.44,True,13.0,975.0
2025-11-03 14:00:00+05:30,2025-11-03 14:05:00+05:30,300,BUY_CE,25700,126.7,2025-11-03 14:20:00+05:30,139.7,SL Hit,139.7,104.93,True,13.0,975.0
2025-11-04 11:05:00+05:30,2025-11-04 11:10:00+05:30,300,BUY_PE,25750,84.1,2025-11-04 11:25:00+05:30,97.1,SL Hit,97.1,58.76,True,13.0,975.0
2025-11-04 12:30:00+05:30,2025-11-04 12:35:00+05:30,300,BUY_PE,25750,89.9,2025-11-04 13:20:00+05:30,102.9,SL Hit,102.9,66.94,True,13.0,975.0
2025-11-04 13:35:00+05:30,2025-11-04 13:40:00+05:30,300,BUY_CE,25750,8.0,2025-11-04 14:00:00+05:30,3.46,SL Hit,3.46,3.46,False,-4.54,-340.5
2025-11-04 14:05:00+05:30,2025-11-04 14:10:00+05:30,300,BUY_PE,25750,104.45,2025-11-04 15:25:00+05:30,152.05,EOD Exit,117.45,77.78,True,47.6,3570.0
2025-11-06 10:15:00+05:30,2025-11-06 10:20:00+05:30,300,BUY_PE,25650,164.3,2025-11-06 10:35:00+05:30,177.3,SL Hit,177.3,137.63,True,13.0,975.0
2025-11-06 11:20:00+05:30,2025-11-06 11:25:00+05:30,300,BUY_PE,25650,166.1,2025-11-06 12:45:00+05:30,142.61,SL Hit,142.61,142.61,False,-23.49,-1761.75
2025-11-06 12:50:00+05:30,2025-11-06 12:55:00+05:30,300,BUY_CE,25650,110.35,2025-11-06 13:05:00+05:30,95.31,SL Hit,95.31,95.31,False,-15.04,-1128.0
2025-11-06 13:10:00+05:30,2025-11-06 13:15:00+05:30,300,BUY_CE,25650,95.75,2025-11-06 13:45:00+05:30,78.49,SL Hit,78.49,78.49,False,-17.26,-1294.5
2025-11-06 13:50:00+05:30,2025-11-06 13:55:00+05:30,300,BUY_PE,25650,176.45,2025-11-06 14:25:00+05:30,152.16,SL Hit,152.16,152.16,False,-24.29,-1821.75
2025-11-07 11:10:00+05:30,2025-11-07 11:15:00+05:30,300,BUY_CE,25400,109.15,2025-11-07 11:20:00+05:30,122.15,SL Hit,122.15,88.49,True,13.0,975.0
2025-11-07 11:30:00+05:30,2025-11-07 11:35:00+05:30,300,BUY_CE,25400,145.45,2025-11-07 12:45:00+05:30,158.45,SL Hit,158.45,119.6,True,13.0,975.0
2025-11-07 13:30:00+05:30,2025-11-07 13:35:00+05:30,300,BUY_CE,25400,198.9,2025-11-07 13:55:00+05:30,172.23,SL Hit,172.23,172.23,False,-26.67,-2000.25
2025-11-07 14:20:00+05:30,2025-11-07 14:25:00+05:30,300,BUY_CE,25400,176.5,2025-11-07 14:30:00+05:30,189.5,SL Hit,189.5,149.83,True,13.0,975.0
2025-11-10 10:20:00+05:30,2025-11-10 10:25:00+05:30,300,BUY_CE,25550,120.45,2025-11-10 11:10:00+05:30,133.45,SL Hit,133.45,93.78,True,13.0,975.0
2025-11-10 11:25:00+05:30,2025-11-10 11:30:00+05:30,300,BUY_CE,25550,139.5,2025-11-10 11:55:00+05:30,117.02,SL Hit,117.02,117.02,False,-22.48,-1686.0
2025-11-10 12:20:00+05:30,2025-11-10 12:25:00+05:30,300,BUY_CE,25550,124.0,2025-11-10 12:40:00+05:30,138.75,MACD/EMA Exit,137.0,105.17,True,14.75,1106.25
2025-11-10 12:55:00+05:30,2025-11-10 13:00:00+05:30,300,BUY_CE,25550,131.8,2025-11-10 13:40:00+05:30,112.91,SL Hit,112.91,112.91,False,-18.89,-1416.75
2025-11-10 13:45:00+05:30,2025-11-10 13:50:00+05:30,300,BUY_PE,25550,32.25,2025-11-10 15:25:00+05:30,32.2,EOD Exit,24.34,24.34,False,-0.05,-3.75
2025-11-11 10:25:00+05:30,2025-11-11 10:30:00+05:30,300,BUY_PE,25550,79.1,2025-11-11 10:50:00+05:30,92.1,SL Hit,92.1,52.43,True,13.0,975.0
2025-11-11 11:55:00+05:30,2025-11-11 12:00:00+05:30,300,BUY_CE,25550,27.9,2025-11-11 12:05:00+05:30,40.9,SL Hit,40.9,14.56,True,13.0,975.0
2025-11-11 12:30:00+05:30,2025-11-11 12:35:00+05:30,300,BUY_CE,25550,63.0,2025-11-11 13:15:00+05:30,76.0,SL Hit,76.0,39.23,True,13.0,975.0
2025-11-11 13:20:00+05:30,2025-11-11 13:25:00+05:30,300,BUY_CE,25550,78.6,2025-11-11 13:40:00+05:30,91.6,SL Hit,91.6,51.93,True,13.0,975.0
2025-11-11 13:50:00+05:30,2025-11-11 13:55:00+05:30,300,BUY_CE,25550,126.45,2025-11-11 14:00:00+05:30,99.78,SL Hit,99.78,99.78,False,-26.67,-2000.25
2025-11-11 14:20:00+05:30,2025-11-11 14:25:00+05:30,300,BUY_CE,25550,140.7,2025-11-11 14:35:00+05:30,114.03,SL Hit,114.03,114.03,False,-26.67,-2000.25
2025-11-12 10:35:00+05:30,2025-11-12 10:40:00+05:30,300,BUY_CE,25800,207.0,2025-11-12 11:30:00+05:30,223.1,MACD/EMA Exit,220.0,180.33,True,16.1,1207.5
2025-11-12 12:30:00+05:30,2025-11-12 12:35:00+05:30,300,BUY_CE,25800,231.0,2025-11-12 12:40:00+05:30,244.0,SL Hit,244.0,210.94,True,13.0,975.0
2025-11-12 13:00:00+05:30,2025-11-12 13:05:00+05:30,300,BUY_CE,25800,237.5,2025-11-12 14:05:00+05:30,219.13,SL Hit,219.13,219.13,False,-18.37,-1377.75
2025-11-12 14:10:00+05:30,2025-11-12 14:15:00+05:30,300,BUY_PE,25800,79.1,2025-11-12 15:25:00+05:30,81.0,EOD Exit,71.49,71.49,False,1.9,142.5
2025-11-13 10:15:00+05:30,2025-11-13 10:20:00+05:30,300,BUY_CE,25850,183.95,2025-11-13 10:40:00+05:30,196.95,SL Hit,196.95,157.28,True,13.0,975.0
2025-11-13 11:05:00+05:30,2025-11-13 11:10:00+05:30,300,BUY_CE,25850,233.5,2025-11-13 12:05:00+05:30,246.5,SL Hit,246.5,206.83,True,13.0,975.0
2025-11-13 12:45:00+05:30,2025-11-13 12:50:00+05:30,300,BUY_PE,25850,74.95,2025-11-13 13:00:00+05:30,66.61,SL Hit,66.61,66.61,False,-8.34,-625.5
2025-11-13 13:05:00+05:30,2025-11-13 13:10:00+05:30,300,BUY_CE,25850,228.5,2025-11-13 13:45:00+05:30,241.5,SL Hit,241.5,203.61,True,13.0,975.0
2025-11-13 13:55:00+05:30,2025-11-13 14:00:00+05:30,300,BUY_PE,25850,81.5,2025-11-13 14:15:00+05:30,94.5,SL Hit,94.5,69.24,True,13.0,975.0
2025-11-14 10:55:00+05:30,2025-11-14 11:00:00+05:30,300,BUY_CE,25800,184.5,2025-11-14 11:15:00+05:30,157.83,SL Hit,157.83,157.83,False,-26.67,-2000.25
2025-11-14 11:20:00+05:30,2025-11-14 11:25:00+05:30,300,BUY_PE,25800,90.3,2025-11-14 11:30:00+05:30,103.3,SL Hit,103.3,63.63,True,13.0,975.0
2025-11-14 12:10:00+05:30,2025-11-14 12:15:00+05:30,300,BUY_CE,25800,161.1,2025-11-14 12:25:00+05:30,174.1,SL Hit,174.1,134.43,True,13.0,975.0
2025-11-14 12:35:00+05:30,2025-11-14 12:40:00+05:30,300,BUY_PE,25800,93.35,2025-11-14 13:35:00+05:30,106.35,SL Hit,106.35,69.16,True,13.0,975.0
2025-11-14 13:40:00+05:30,2025-11-14 13:45:00+05:30,300,BUY_PE,25800,119.9,2025-11-14 14:25:00+05:30,93.23,SL Hit,93.23,93.23,False,-26.67,-2000.25
