datetime,open,high,low,close,volume
2025-09-25 09:15:00+05:30,25034.5,25054.75,25003.9,25054.4,14052854
2025-09-25 09:20:00+05:30,25054.4,25085.45,25049.35,25081.2,5306975
2025-09-25 09:25:00+05:30,25082.4,25092.7,25058.7,25058.7,6090356
2025-09-25 09:30:00+05:30,25059.3,25081.3,25048.45,25062.75,4921497
2025-09-25 09:35:00+05:30,25061.2,25074.9,25045.0,25072.05,3753127
2025-09-25 09:40:00+05:30,25071.8,25082.6,25049.95,25054.0,4500089
2025-09-25 09:45:00+05:30,25051.2,25053.45,25032.05,25045.95,4718488
2025-09-25 09:50:00+05:30,25045.7,25055.9,25034.45,25046.8,3754300
2025-09-25 09:55:00+05:30,25046.3,25060.2,25045.05,25054.35,3035945
2025-09-25 10:00:00+05:30,25053.75,25057.8,25036.35,25038.55,3458761
2025-09-25 10:05:00+05:30,25040.45,25044.05,25030.4,25038.85,2394231
2025-09-25 10:10:00+05:30,25038.2,25044.05,25029.5,25031.7,2072763
2025-09-25 10:15:00+05:30,25031.8,25048.95,25030.6,25039.4,2890558
2025-09-25 10:20:00+05:30,25040.2,25048.9,25034.05,25042.3,2512722
2025-09-25 10:25:00+05:30,25042.3,25047.0,25037.25,25043.55,2818820
2025-09-25 10:30:00+05:30,25044.2,25053.8,25036.7,25038.1,3407907
2025-09-25 10:35:00+05:30,25037.85,25037.85,25006.2,25013.55,3983779
2025-09-25 10:40:00+05:30,25014.2,25019.3,25002.35,25008.15,4439968
2025-09-25 10:45:00+05:30,25007.65,25011.5,24999.5,25009.75,3005834
2025-09-25 10:50:00+05:30,25009.95,25018.65,25006.9,25014.25,2999262
2025-09-25 10:55:00+05:30,25013.9,25015.55,25004.4,25007.05,2858928
2025-09-25 11:00:00+05:30,25008.85,25018.7,25004.3,25006.4,2574960
2025-09-25 11:05:00+05:30,25006.75,25018.35,25004.3,25013.2,2944797
2025-09-25 11:10:00+05:30,25013.65,25033.0,25011.6,25026.1,2793322
2025-09-25 11:15:00+05:30,25027.1,25031.45,25023.2,25025.1,2008716
2025-09-25 11:20:00+05:30,25025.9,25044.9,25025.05,25035.25,3163259
2025-09-25 11:25:00+05:30,25036.3,25036.95,25015.65,25031.25,2419542
2025-09-25 11:30:00+05:30,25032.65,25032.7,25018.75,25019.7,2734398
2025-09-25 11:35:00+05:30,25019.35,25021.8,25012.5,25014.15,2273932
2025-09-25 11:40:00+05:30,25013.9,25014.45,24985.1,24989.75,3314124
2025-09-25 11:45:00+05:30,24989.65,24996.95,24984.9,24990.1,2515091
2025-09-25 11:50:00+05:30,24990.4,24992.0,24974.05,24985.5,2891846
2025-09-25 11:55:00+05:30,24985.45,24998.85,24979.15,24981.95,3018150
2025-09-25 12:00:00+05:30,24983.7,24989.3,24976.0,24980.75,3641192
2025-09-25 12:05:00+05:30,24980.95,24983.9,24965.1,24969.7,2860228
2025-09-25 12:10:00+05:30,24969.85,24988.45,24966.95,24981.5,3076252
2025-09-25 12:15:00+05:30,24981.4,24990.45,24976.9,24987.35,4626041
2025-09-25 12:20:00+05:30,24987.2,24999.65,24974.05,24979.1,3489701
2025-09-25 12:25:00+05:30,24979.25,24993.6,24977.65,24983.55,2431303
2025-09-25 12:30:00+05:30,24983.05,24985.3,24973.45,24979.5,3418276
2025-09-25 12:35:00+05:30,24979.6,24987.8,24976.0,24986.7,2589614
2025-09-25 12:40:00+05:30,24986.4,24988.8,24959.55,24962.35,3228477
2025-09-25 12:45:00+05:30,24962.15,24979.0,24961.5,24971.75,4296498
2025-09-25 12:50:00+05:30,24970.7,24981.2,24967.45,24980.05,2148053
2025-09-25 12:55:00+05:30,24980.1,24986.2,24972.7,24983.8,4349748
2025-09-25 13:00:00+05:30,24983.75,24994.9,24978.05,24994.5,2699240
2025-09-25 13:05:00+05:30,24994.9,25010.4,24990.05,25003.05,3707185
2025-09-25 13:10:00+05:30,25003.75,25009.1,24988.75,24989.7,3122871
2025-09-25 13:15:00+05:30,24989.75,24998.85,24973.1,24998.35,4492630
2025-09-25 13:20:00+05:30,24998.8,24999.15,24965.1,24972.8,4323803
2025-09-25 13:25:00+05:30,24972.9,24977.05,24964.95,24976.0,3321103
2025-09-25 13:30:00+05:30,24975.9,24991.75,24973.4,24981.1,4080105
2025-09-25 13:35:00+05:30,24980.85,24986.55,24969.35,24982.45,3328636
2025-09-25 13:40:00+05:30,24982.8,24993.3,24980.15,24992.9,3082452
2025-09-25 13:45:00+05:30,24992.85,25004.05,24991.1,25001.25,3293477
2025-09-25 13:50:00+05:30,25000.75,25003.5,24988.25,24990.55,3359115
2025-09-25 13:55:00+05:30,24991.85,25000.6,24974.15,24980.0,4277759
2025-09-25 14:00:00+05:30,24980.35,24987.45,24967.4,24972.45,3431741
2025-09-25 14:05:00+05:30,24972.2,24980.55,24964.05,24965.4,4032341
2025-09-25 14:10:00+05:30,24965.5,24969.6,24949.05,24966.1,6603354
2025-09-25 14:15:00+05:30,24966.4,24973.05,24958.35,24966.2,4813211
2025-09-25 14:20:00+05:30,24966.15,24971.25,24956.95,24957.15,3957474
2025-09-25 14:25:00+05:30,24957.4,24984.75,24953.55,24957.55,5699642
2025-09-25 14:30:00+05:30,24957.1,24959.7,24947.25,24948.35,3442484
2025-09-25 14:35:00+05:30,24948.0,24965.3,24932.8,24961.6,5296235
2025-09-25 14:40:00+05:30,24961.7,24962.1,24932.7,24944.4,4511266
2025-09-25 14:45:00+05:30,24943.85,24949.75,24932.1,24941.3,4663785
2025-09-25 14:50:00+05:30,24941.5,24943.7,24919.6,24934.7,6526071
2025-09-25 14:55:00+05:30,24934.25,24936.45,24914.05,24922.15,6268316
2025-09-25 15:00:00+05:30,24924.3,24927.7,24884.25,24886.3,13106860
2025-09-25 15:05:00+05:30,24887.35,24889.6,24878.3,24881.45,13851125
2025-09-25 15:10:00+05:30,24881.95,24900.2,24879.3,24883.3,13894389
2025-09-25 15:15:00+05:30,24884.2,24905.35,24883.75,24900.45,15188349
2025-09-25 15:20:00+05:30,24900.45,24902.6,24881.8,24887.55,13932667
2025-09-25 15:25:00+05:30,24889.0,24905.75,24887.9,24904.55,10067264
2025-09-26 09:15:00+05:30,24818.55,24868.6,24809.05,24816.0,21492104
2025-09-26 09:20:00+05:30,24815.15,24819.4,24785.15,24813.35,7343749
2025-09-26 09:25:00+05:30,24813.45,24826.85,24790.65,24791.8,4764472
2025-09-26 09:30:00+05:30,24790.9,24791.6,24768.95,24776.75,4956887
2025-09-26 09:35:00+05:30,24778.2,24784.65,24759.0,24780.15,5016436
2025-09-26 09:40:00+05:30,24779.5,24787.05,24773.2,24781.9,3870383
2025-09-26 09:45:00+05:30,24782.35,24816.45,24776.3,24813.9,4162069
2025-09-26 09:50:00+05:30,24813.85,24817.8,24796.1,24806.2,5216813
2025-09-26 09:55:00+05:30,24806.25,24826.2,24801.45,24817.2,3076441
2025-09-26 10:00:00+05:30,24816.45,24818.95,24795.05,24799.1,2793637
2025-09-26 10:05:00+05:30,24798.3,24799.7,24778.45,24783.25,2622823
2025-09-26 10:10:00+05:30,24783.25,24785.15,24774.75,24780.5,2590772
2025-09-26 10:15:00+05:30,24780.25,24791.95,24771.05,24775.35,3016448
2025-09-26 10:20:00+05:30,24774.2,24789.85,24772.15,24789.1,2793825
2025-09-26 10:25:00+05:30,24789.35,24808.25,24788.75,24794.95,3057387
2025-09-26 10:30:00+05:30,24795.95,24797.25,24784.0,24791.75,2387700
2025-09-26 10:35:00+05:30,24791.35,24797.1,24787.1,24795.55,1878363
2025-09-26 10:40:00+05:30,24795.55,24803.8,24792.6,24800.35,1960062
2025-09-26 10:45:00+05:30,24800.8,24805.25,24789.35,24802.6,6633534
2025-09-26 10:50:00+05:30,24801.4,24805.7,24792.05,24792.4,3164847
2025-09-26 10:55:00+05:30,24792.4,24792.4,24777.95,24781.45,2295512
2025-09-26 11:00:00+05:30,24781.35,24781.45,24767.65,24771.2,2988370
2025-09-26 11:05:00+05:30,24769.1,24785.7,24763.5,24783.9,3444583
2025-09-26 11:10:00+05:30,24783.9,24785.2,24768.1,24768.6,2294210
2025-09-26 11:15:00+05:30,24769.5,24769.5,24754.85,24755.95,2346236
2025-09-26 11:20:00+05:30,24756.5,24766.45,24751.0,24761.15,3371746
2025-09-26 11:25:00+05:30,24760.95,24769.5,24756.1,24763.7,2554323
2025-09-26 11:30:00+05:30,24764.4,24767.45,24747.85,24752.7,2927817
2025-09-26 11:35:00+05:30,24752.65,24758.95,24742.0,24745.15,2912293
2025-09-26 11:40:00+05:30,24745.6,24752.4,24741.9,24751.25,2892439
2025-09-26 11:45:00+05:30,24751.35,24759.75,24737.55,24756.7,3052372
2025-09-26 11:50:00+05:30,24756.25,24774.75,24753.95,24772.85,2926739
2025-09-26 11:55:00+05:30,24772.75,24780.85,24768.6,24771.2,2025626
2025-09-26 12:00:00+05:30,24770.55,24775.15,24754.9,24757.95,4864404
2025-09-26 12:05:00+05:30,24757.55,24766.75,24749.05,24762.7,3298298
2025-09-26 12:10:00+05:30,24762.95,24768.35,24759.3,24764.3,1953404
2025-09-26 12:15:00+05:30,24764.4,24764.9,24754.25,24756.5,2453692
2025-09-26 12:20:00+05:30,24757.25,24778.6,24754.2,24778.3,2150015
2025-09-26 12:25:00+05:30,24778.7,24782.1,24764.8,24765.65,2098956
2025-09-26 12:30:00+05:30,24766.45,24766.45,24753.3,24756.95,2289177
2025-09-26 12:35:00+05:30,24758.2,24770.95,24755.65,24767.1,3480301
2025-09-26 12:40:00+05:30,24767.5,24776.15,24765.8,24774.2,2424362
2025-09-26 12:45:00+05:30,24772.75,24788.35,24770.45,24785.6,2213855
2025-09-26 12:50:00+05:30,24784.75,24791.85,24779.55,24790.55,2609398
2025-09-26 12:55:00+05:30,24789.65,24795.3,24771.45,24774.4,3704474
2025-09-26 13:00:00+05:30,24773.4,24788.0,24772.1,24781.6,3818408
2025-09-26 13:05:00+05:30,24780.95,24786.8,24777.45,24780.35,2613744
2025-09-26 13:10:00+05:30,24780.15,24781.95,24756.9,24758.75,2908469
2025-09-26 13:15:00+05:30,24759.1,24760.5,24743.1,24755.4,3784230
2025-09-26 13:20:00+05:30,24754.95,24755.6,24735.95,24742.2,3602043
2025-09-26 13:25:00+05:30,24741.55,24743.4,24732.4,24735.45,2995993
2025-09-26 13:30:00+05:30,24735.65,24737.5,24704.4,24706.95,3574434
2025-09-26 13:35:00+05:30,24706.85,24723.15,24703.35,24712.7,3149142
2025-09-26 13:40:00+05:30,24712.5,24722.95,24710.6,24713.1,3198044
2025-09-26 13:45:00+05:30,24712.3,24725.15,24712.1,24714.9,2468513
2025-09-26 13:50:00+05:30,24714.7,24715.05,24676.45,24680.2,4344632
2025-09-26 13:55:00+05:30,24681.65,24696.2,24659.5,24667.4,3038973
2025-09-26 14:00:00+05:30,24667.3,24669.85,24645.65,24647.3,3338448
2025-09-26 14:05:00+05:30,24646.7,24658.95,24638.4,24658.0,2966343
2025-09-26 14:10:00+05:30,24658.05,24666.45,24652.75,24663.55,3597804
2025-09-26 14:15:00+05:30,24663.95,24663.95,24637.35,24647.55,3855337
2025-09-26 14:20:00+05:30,24648.15,24651.75,24630.7,24632.85,4004960
2025-09-26 14:25:00+05:30,24633.25,24651.05,24629.45,24645.75,3059710
2025-09-26 14:30:00+05:30,24645.7,24654.85,24638.6,24642.9,3889774
2025-09-26 14:35:00+05:30,24640.35,24660.7,24635.8,24656.6,3518641
2025-09-26 14:40:00+05:30,24656.7,24668.1,24649.4,24661.1,3322327
2025-09-26 14:45:00+05:30,24661.5,24663.6,24647.55,24661.35,3119530
2025-09-26 14:50:00+05:30,24659.2,24674.65,24630.35,24630.35,6092676
2025-09-26 14:55:00+05:30,24632.5,24653.25,24632.5,24650.6,3847985
2025-09-26 15:00:00+05:30,24648.9,24660.85,24634.8,24654.15,7088112
2025-09-26 15:05:00+05:30,24654.3,24659.8,24644.9,24646.3,7008973
2025-09-26 15:10:00+05:30,24646.15,24653.45,24641.5,24644.5,6683249
2025-09-26 15:15:00+05:30,24644.6,24655.9,24643.6,24652.2,8260145
2025-09-26 15:20:00+05:30,24651.85,24668.05,24651.6,24661.25,8904135
2025-09-26 15:25:00+05:30,24661.1,24674.55,24660.25,24673.1,7044554
2025-09-29 09:15:00+05:30,24728.55,24743.75,24668.15,24673.7,16517889
2025-09-29 09:20:00+05:30,24672.75,24713.35,24672.75,24702.6,5173837
2025-09-29 09:25:00+05:30,24703.4,24713.15,24684.8,24712.1,4465230
2025-09-29 09:30:00+05:30,24712.9,24727.65,24704.2,24727.4,4217785
2025-09-29 09:35:00+05:30,24727.25,24740.3,24725.6,24736.05,3569801
2025-09-29 09:40:00+05:30,24736.4,24752.2,24729.65,24750.8,3391514
2025-09-29 09:45:00+05:30,24750.75,24755.8,24738.45,24744.55,3198749
2025-09-29 09:50:00+05:30,24743.6,24757.5,24735.0,24753.85,3500214
2025-09-29 09:55:00+05:30,24755.0,24765.35,24754.75,24758.1,4714930
2025-09-29 10:00:00+05:30,24758.0,24767.5,24751.85,24753.15,2520901
2025-09-29 10:05:00+05:30,24753.7,24756.25,24742.1,24743.4,2188390
2025-09-29 10:10:00+05:30,24744.0,24762.05,24744.0,24758.4,2012546
2025-09-29 10:15:00+05:30,24760.35,24786.7,24756.7,24786.55,2504698
2025-09-29 10:20:00+05:30,24787.35,24791.3,24777.05,24785.75,2404079
2025-09-29 10:25:00+05:30,24785.75,24787.2,24765.5,24771.5,2291621
2025-09-29 10:30:00+05:30,24771.75,24775.65,24761.25,24771.05,2162010
2025-09-29 10:35:00+05:30,24770.45,24774.9,24751.8,24760.5,2469227
2025-09-29 10:40:00+05:30,24760.25,24765.6,24749.7,24763.25,2574054
2025-09-29 10:45:00+05:30,24763.0,24766.9,24745.45,24747.6,2412420
2025-09-29 10:50:00+05:30,24747.0,24756.6,24735.5,24735.5,2688763
2025-09-29 10:55:00+05:30,24735.0,24749.1,24725.1,24744.3,3444849
2025-09-29 11:00:00+05:30,24743.95,24757.15,24743.95,24757.15,1568718
2025-09-29 11:05:00+05:30,24756.8,24764.4,24754.8,24756.05,1804149
2025-09-29 11:10:00+05:30,24755.7,24757.7,24737.7,24740.45,1612352
2025-09-29 11:15:00+05:30,24741.2,24742.45,24732.75,24737.5,1895974
2025-09-29 11:20:00+05:30,24737.3,24742.65,24735.8,24739.9,1905654
2025-09-29 11:25:00+05:30,24739.5,24742.3,24732.25,24734.15,1681288
2025-09-29 11:30:00+05:30,24734.1,24735.3,24705.25,24706.75,2506752
2025-09-29 11:35:00+05:30,24706.45,24707.05,24660.3,24670.8,6634311
2025-09-29 11:40:00+05:30,24670.15,24672.75,24654.35,24672.25,3004056
2025-09-29 11:45:00+05:30,24671.65,24674.1,24643.5,24644.6,2127430
2025-09-29 11:50:00+05:30,24645.65,24670.35,24644.3,24658.65,2291073
2025-09-29 11:55:00+05:30,24658.25,24676.15,24656.95,24665.85,1797427
2025-09-29 12:00:00+05:30,24665.9,24668.0,24644.15,24659.25,2678283
2025-09-29 12:05:00+05:30,24659.3,24665.5,24642.2,24643.5,2815601
2025-09-29 12:10:00+05:30,24643.6,24646.45,24633.2,24641.7,2761742
2025-09-29 12:15:00+05:30,24642.15,24667.75,24639.4,24640.5,2971941
2025-09-29 12:20:00+05:30,24642.45,24659.1,24639.1,24653.5,1962761
2025-09-29 12:25:00+05:30,24652.95,24664.35,24650.95,24658.55,1772660
2025-09-29 12:30:00+05:30,24658.1,24659.7,24639.2,24652.45,3106881
2025-09-29 12:35:00+05:30,24652.95,24653.95,24618.4,24618.45,2252862
2025-09-29 12:40:00+05:30,24617.7,24622.1,24609.75,24613.5,1835601
2025-09-29 12:45:00+05:30,24614.4,24633.05,24606.2,24616.45,3049499
2025-09-29 12:50:00+05:30,24614.95,24631.6,24609.7,24627.3,2120656
2025-09-29 12:55:00+05:30,24627.9,24645.25,24627.9,24640.05,1767449
2025-09-29 13:00:00+05:30,24640.4,24682.4,24633.25,24681.35,5402186
2025-09-29 13:05:00+05:30,24681.3,24682.1,24630.9,24661.55,3739092
2025-09-29 13:10:00+05:30,24664.1,24688.75,24659.9,24687.05,2359737
2025-09-29 13:15:00+05:30,24686.75,24687.4,24656.8,24671.3,2506188
2025-09-29 13:20:00+05:30,24672.15,24697.0,24671.8,24696.05,1642855
2025-09-29 13:25:00+05:30,24695.35,24705.3,24676.8,24701.35,3180044
2025-09-29 13:30:00+05:30,24700.6,24718.9,24700.55,24715.65,2277862
2025-09-29 13:35:00+05:30,24714.65,24720.25,24710.6,24718.4,1752278
2025-09-29 13:40:00+05:30,24718.05,24719.35,24673.25,24689.5,2960235
2025-09-29 13:45:00+05:30,24688.5,24709.35,24683.65,24697.95,4003301
2025-09-29 13:50:00+05:30,24698.8,24706.85,24691.0,24695.65,3314326
2025-09-29 13:55:00+05:30,24695.5,24716.65,24685.95,24713.05,2550843
2025-09-29 14:00:00+05:30,24712.3,24736.8,24712.3,24733.5,2593688
2025-09-29 14:05:00+05:30,24735.5,24738.35,24722.95,24723.65,2805847
2025-09-29 14:10:00+05:30,24721.9,24732.35,24719.4,24723.85,3022609
2025-09-29 14:15:00+05:30,24725.15,24736.35,24713.35,24727.85,4183074
2025-09-29 14:20:00+05:30,24727.9,24745.9,24727.0,24732.45,2506540
2025-09-29 14:25:00+05:30,24732.4,24734.6,24717.65,24718.3,2990318
2025-09-29 14:30:00+05:30,24718.05,24730.2,24709.75,24727.15,4217467
2025-09-29 14:35:00+05:30,24727.1,24731.5,24714.4,24715.15,3777738
2025-09-29 14:40:00+05:30,24715.55,24719.6,24686.05,24688.75,3292765
2025-09-29 14:45:00+05:30,24689.25,24694.45,24675.2,24679.75,3210273
2025-09-29 14:50:00+05:30,24679.8,24687.3,24672.4,24683.9,3139900
2025-09-29 14:55:00+05:30,24684.35,24692.35,24679.9,24685.55,3265287
2025-09-29 15:00:00+05:30,24683.3,24683.3,24615.5,24616.7,32940220
2025-09-29 15:05:00+05:30,24617.0,24630.7,24614.15,24625.15,32592911
2025-09-29 15:10:00+05:30,24625.55,24642.45,24623.05,24639.65,31905365
2025-09-29 15:15:00+05:30,24639.3,24639.3,24622.35,24628.2,32493281
2025-09-29 15:20:00+05:30,24629.0,24652.75,24619.45,24652.5,33182513
2025-09-29 15:25:00+05:30,24653.7,24691.45,24651.0,24677.55,20022825
2025-09-30 09:15:00+05:30,24691.95,24720.4,24680.95,24713.65,14154521
2025-09-30 09:20:00+05:30,24712.55,24731.8,24691.95,24706.6,5798113
2025-09-30 09:25:00+05:30,24707.3,24718.1,24668.1,24670.25,4419421
2025-09-30 09:30:00+05:30,24668.6,24687.7,24653.4,24676.25,4809961
2025-09-30 09:35:00+05:30,24675.55,24675.65,24650.85,24655.25,3085972
2025-09-30 09:40:00+05:30,24654.45,24669.05,24645.25,24649.85,2992786
2025-09-30 09:45:00+05:30,24649.45,24665.85,24636.0,24665.65,3382537
2025-09-30 09:50:00+05:30,24666.1,24667.95,24652.7,24658.85,3778574
2025-09-30 09:55:00+05:30,24658.65,24663.85,24650.35,24659.95,3187145
2025-09-30 10:00:00+05:30,24659.25,24679.0,24655.75,24668.7,3234727
2025-09-30 10:05:00+05:30,24668.05,24671.95,24643.5,24644.15,2229222
2025-09-30 10:10:00+05:30,24645.4,24645.55,24633.4,24636.7,1994853
2025-09-30 10:15:00+05:30,24637.0,24651.45,24635.9,24649.15,1937712
2025-09-30 10:20:00+05:30,24648.95,24655.8,24642.55,24646.4,2112891
2025-09-30 10:25:00+05:30,24646.05,24647.55,24618.95,24624.0,2907187
2025-09-30 10:30:00+05:30,24623.7,24627.6,24622.0,24626.05,1847109
2025-09-30 10:35:00+05:30,24626.3,24626.75,24593.95,24598.15,3265300
2025-09-30 10:40:00+05:30,24597.2,24622.5,24595.55,24620.95,2416678
2025-09-30 10:45:00+05:30,24620.7,24623.25,24608.25,24609.55,2201626
2025-09-30 10:50:00+05:30,24613.15,24629.35,24607.85,24628.0,2253124
2025-09-30 10:55:00+05:30,24628.15,24645.05,24627.65,24637.25,1935761
2025-09-30 11:00:00+05:30,24637.35,24658.85,24636.95,24657.9,2316716
2025-09-30 11:05:00+05:30,24657.45,24664.45,24653.5,24663.15,1855590
2025-09-30 11:10:00+05:30,24663.4,24670.7,24662.4,24666.9,1831429
2025-09-30 11:15:00+05:30,24666.75,24667.3,24656.9,24664.4,1861250
2025-09-30 11:20:00+05:30,24664.6,24683.5,24645.15,24648.7,1915504
2025-09-30 11:25:00+05:30,24648.45,24648.75,24636.95,24647.15,1482014
2025-09-30 11:30:00+05:30,24646.8,24659.45,24645.0,24656.7,1816888
2025-09-30 11:35:00+05:30,24656.3,24674.35,24653.7,24654.2,2239459
2025-09-30 11:40:00+05:30,24654.35,24655.6,24641.45,24642.05,1474679
2025-09-30 11:45:00+05:30,24642.45,24651.9,24640.4,24646.3,1412437
2025-09-30 11:50:00+05:30,24647.15,24648.75,24635.1,24636.5,1631633
2025-09-30 11:55:00+05:30,24636.6,24637.4,24627.7,24632.25,1499371
2025-09-30 12:00:00+05:30,24632.85,24646.9,24625.6,24645.4,2835595
2025-09-30 12:05:00+05:30,24647.35,24657.55,24639.4,24648.45,2964934
2025-09-30 12:10:00+05:30,24649.05,24656.15,24641.6,24646.2,2188312
2025-09-30 12:15:00+05:30,24646.25,24666.2,24642.6,24665.8,2881291
2025-09-30 12:20:00+05:30,24666.2,24679.4,24662.35,24670.2,2890766
2025-09-30 12:25:00+05:30,24669.95,24677.55,24665.95,24673.8,2076797
2025-09-30 12:30:00+05:30,24674.0,24682.7,24664.25,24677.2,2173468
2025-09-30 12:35:00+05:30,24677.05,24683.45,24658.8,24674.55,2773747
2025-09-30 12:40:00+05:30,24674.05,24674.5,24655.85,24662.05,3322220
2025-09-30 12:45:00+05:30,24662.0,24666.0,24652.1,24653.0,2337843
2025-09-30 12:50:00+05:30,24652.85,24664.0,24651.55,24662.1,1819643
2025-09-30 12:55:00+05:30,24661.65,24662.3,24646.25,24652.65,2769038
2025-09-30 13:00:00+05:30,24652.6,24658.5,24645.1,24650.4,2891939
2025-09-30 13:05:00+05:30,24650.45,24664.75,24648.0,24664.15,2829814
2025-09-30 13:10:00+05:30,24663.3,24673.55,24658.55,24664.95,2730185
2025-09-30 13:15:00+05:30,24664.4,24680.05,24657.5,24664.4,3252213
2025-09-30 13:20:00+05:30,24664.45,24664.45,24647.25,24653.95,2098003
2025-09-30 13:25:00+05:30,24654.1,24654.4,24636.1,24644.25,2843490
2025-09-30 13:30:00+05:30,24643.95,24649.6,24627.4,24641.35,3041671
2025-09-30 13:35:00+05:30,24642.25,24653.45,24634.35,24637.05,3673949
2025-09-30 13:40:00+05:30,24637.55,24640.7,24630.45,24637.8,3080665
2025-09-30 13:45:00+05:30,24637.1,24647.0,24633.55,24644.7,2069581
2025-09-30 13:50:00+05:30,24644.65,24650.6,24632.2,24632.2,2973468
2025-09-30 13:55:00+05:30,24632.7,24640.5,24623.75,24635.1,2243877
2025-09-30 14:00:00+05:30,24635.5,24639.75,24625.15,24636.75,2376685
2025-09-30 14:05:00+05:30,24636.75,24645.45,24630.0,24630.5,3433419
2025-09-30 14:10:00+05:30,24631.15,24633.45,24600.4,24623.9,5599012
2025-09-30 14:15:00+05:30,24624.2,24625.1,24595.7,24601.4,3252807
2025-09-30 14:20:00+05:30,24601.4,24632.65,24587.7,24620.85,5305090
2025-09-30 14:25:00+05:30,24619.6,24619.6,24602.0,24612.0,3565497
2025-09-30 14:30:00+05:30,24612.55,24627.35,24600.75,24619.15,4234169
2025-09-30 14:35:00+05:30,24619.15,24652.8,24619.15,24631.95,6657740
2025-09-30 14:40:00+05:30,24632.9,24644.6,24632.9,24640.3,3245445
2025-09-30 14:45:00+05:30,24639.95,24654.0,24603.65,24626.6,6917792
2025-09-30 14:50:00+05:30,24626.6,24638.85,24616.7,24631.25,4002714
2025-09-30 14:55:00+05:30,24630.45,24640.95,24622.85,24632.5,5977218
2025-09-30 15:00:00+05:30,24631.7,24634.8,24613.65,24614.85,14028945
2025-09-30 15:05:00+05:30,24614.2,24617.95,24598.15,24610.65,15461174
2025-09-30 15:10:00+05:30,24608.4,24615.85,24603.95,24614.85,14436174
2025-09-30 15:15:00+05:30,24613.5,24614.75,24603.3,24607.4,16325704
2025-09-30 15:20:00+05:30,24606.95,24613.7,24605.15,24611.85,15908203
2025-09-30 15:25:00+05:30,24612.05,24634.9,24612.05,24633.6,12001417
2025-10-01 09:15:00+05:30,24620.55,24661.85,24619.6,24620.5,13281730
2025-10-01 09:20:00+05:30,24621.8,24641.5,24605.95,24637.95,6091998
2025-10-01 09:25:00+05:30,24639.6,24655.5,24630.5,24655.3,3704185
2025-10-01 09:30:00+05:30,24652.2,24666.95,24651.8,24663.65,3955965
2025-10-01 09:35:00+05:30,24663.6,24673.05,24659.45,24669.8,3085447
2025-10-01 09:40:00+05:30,24669.95,24687.4,24663.95,24682.45,3293395
2025-10-01 09:45:00+05:30,24681.85,24694.05,24675.15,24692.1,3252339
2025-10-01 09:50:00+05:30,24691.9,24691.9,24656.6,24673.3,3473817
2025-10-01 09:55:00+05:30,24673.55,24680.75,24668.15,24673.8,3265890
2025-10-01 10:00:00+05:30,24674.35,24685.1,24633.8,24641.4,4284826
2025-10-01 10:05:00+05:30,24639.55,24661.5,24617.7,24648.55,4989682
2025-10-01 10:10:00+05:30,24649.7,24665.65,24647.1,24659.95,4246468
2025-10-01 10:15:00+05:30,24658.6,24671.4,24650.9,24664.65,4242844
2025-10-01 10:20:00+05:30,24664.8,24669.6,24645.05,24657.15,3813366
2025-10-01 10:25:00+05:30,24658.3,24666.35,24649.55,24663.45,3133067
2025-10-01 10:30:00+05:30,24663.35,24689.8,24662.65,24687.35,5127490
2025-10-01 10:35:00+05:30,24687.15,24695.4,24669.25,24670.4,3241994
2025-10-01 10:40:00+05:30,24670.45,24683.05,24661.1,24662.75,2810469
2025-10-01 10:45:00+05:30,24661.75,24669.85,24649.4,24668.95,4214600
2025-10-01 10:50:00+05:30,24670.15,24675.55,24663.7,24673.45,3796971
2025-10-01 10:55:00+05:30,24673.45,24682.15,24673.1,24681.2,2330695
2025-10-01 11:00:00+05:30,24679.95,24690.3,24674.45,24683.75,2807892
2025-10-01 11:05:00+05:30,24684.2,24692.25,24678.95,24691.45,2352505
2025-10-01 11:10:00+05:30,24691.6,24704.85,24689.35,24702.2,2168499
2025-10-01 11:15:00+05:30,24703.05,24730.4,24703.05,24721.05,2666846
2025-10-01 11:20:00+05:30,24721.0,24729.05,24709.95,24713.75,2717166
2025-10-01 11:25:00+05:30,24713.55,24726.3,24713.55,24723.75,2911982
2025-10-01 11:30:00+05:30,24724.15,24746.1,24723.25,24742.9,2648699
2025-10-01 11:35:00+05:30,24743.35,24754.45,24736.2,24746.05,3390380
2025-10-01 11:40:00+05:30,24745.15,24776.35,24739.3,24776.0,3312485
2025-10-01 11:45:00+05:30,24776.05,24782.95,24769.75,24782.05,3862162
2025-10-01 11:50:00+05:30,24782.1,24786.1,24770.7,24779.5,3067837
2025-10-01 11:55:00+05:30,24779.6,24798.2,24774.25,24794.3,4484931
2025-10-01 12:00:00+05:30,24793.85,24806.3,24785.05,24805.95,3365153
2025-10-01 12:05:00+05:30,24806.3,24809.4,24796.35,24796.55,4548746
2025-10-01 12:10:00+05:30,24797.05,24812.0,24793.3,24803.35,4035872
2025-10-01 12:15:00+05:30,24803.05,24808.35,24786.7,24786.9,2792481
2025-10-01 12:20:00+05:30,24786.95,24790.8,24771.8,24773.9,2805234
2025-10-01 12:25:00+05:30,24774.15,24782.05,24757.5,24777.2,3356815
2025-10-01 12:30:00+05:30,24777.8,24777.8,24760.9,24765.35,3454815
2025-10-01 12:35:00+05:30,24765.7,24778.2,24762.0,24777.1,3021489
2025-10-01 12:40:00+05:30,24777.0,24781.25,24759.9,24760.95,2874202
2025-10-01 12:45:00+05:30,24760.25,24774.95,24747.05,24773.05,3249145
2025-10-01 12:50:00+05:30,24772.45,24772.45,24762.5,24768.5,1989988
2025-10-01 12:55:00+05:30,24767.55,24772.55,24749.8,24753.5,2434378
2025-10-01 13:00:00+05:30,24752.95,24768.9,24747.45,24753.05,2939636
2025-10-01 13:05:00+05:30,24752.6,24765.45,24751.3,24765.1,2387048
2025-10-01 13:10:00+05:30,24764.65,24773.65,24754.8,24770.7,2352656
2025-10-01 13:15:00+05:30,24770.2,24774.4,24755.05,24771.3,4605419
2025-10-01 13:20:00+05:30,24771.2,24775.75,24768.2,24773.75,2326679
2025-10-01 13:25:00+05:30,24773.3,24788.15,24770.7,24787.1,2086518
2025-10-01 13:30:00+05:30,24785.8,24788.9,24773.75,24777.65,2723624
2025-10-01 13:35:00+05:30,24779.45,24791.15,24773.35,24784.65,3634922
2025-10-01 13:40:00+05:30,24784.55,24792.95,24779.6,24781.4,2565974
2025-10-01 13:45:00+05:30,24780.9,24783.95,24772.45,24774.6,2621764
2025-10-01 13:50:00+05:30,24775.75,24785.3,24763.0,24782.95,3458584
2025-10-01 13:55:00+05:30,24782.55,24784.7,24774.25,24783.9,3023265
2025-10-01 14:00:00+05:30,24783.5,24791.3,24779.2,24791.05,4400542
2025-10-01 14:05:00+05:30,24790.7,24809.05,24787.95,24808.8,3265101
2025-10-01 14:10:00+05:30,24808.3,24811.5,24790.5,24795.2,3929818
2025-10-01 14:15:00+05:30,24796.15,24807.45,24775.75,24806.35,6091135
2025-10-01 14:20:00+05:30,24806.2,24822.5,24806.0,24821.55,3290513
2025-10-01 14:25:00+05:30,24821.15,24837.65,24808.4,24826.15,4260061
2025-10-01 14:30:00+05:30,24825.65,24832.95,24816.55,24831.85,4185180
2025-10-01 14:35:00+05:30,24831.65,24850.6,24831.65,24839.4,8572654
2025-10-01 14:40:00+05:30,24839.15,24860.4,24830.6,24849.3,5994937
2025-10-01 14:45:00+05:30,24849.15,24866.05,24843.3,24864.6,5174058
2025-10-01 14:50:00+05:30,24864.6,24867.95,24847.45,24849.7,4054227
2025-10-01 14:55:00+05:30,24848.9,24855.0,24816.2,24835.35,7078337
2025-10-01 15:00:00+05:30,24835.9,24848.8,24829.4,24837.6,8298144
2025-10-01 15:05:00+05:30,24837.6,24844.65,24827.05,24831.1,8781577
2025-10-01 15:10:00+05:30,24830.45,24836.05,24820.3,24822.5,8167011
2025-10-01 15:15:00+05:30,24824.0,24841.7,24821.2,24839.7,9515510
2025-10-01 15:20:00+05:30,24840.45,24842.0,24830.8,24841.95,8369525
2025-10-01 15:25:00+05:30,24842.6,24853.4,24842.35,24853.4,6496696
2025-10-03 09:15:00+05:30,24759.55,24855.7,24758.6,24785.05,28453040
2025-10-03 09:20:00+05:30,24783.65,24801.95,24770.25,24784.5,14496030
2025-10-03 09:25:00+05:30,24783.85,24787.6,24747.55,24779.5,9385783
2025-10-03 09:30:00+05:30,24779.45,24787.65,24757.5,24766.15,6787597
2025-10-03 09:35:00+05:30,24770.1,24786.6,24761.3,24786.0,5200356
2025-10-03 09:40:00+05:30,24785.3,24799.6,24778.2,24789.1,5813726
2025-10-03 09:45:00+05:30,24788.55,24797.15,24773.55,24795.85,6328025
2025-10-03 09:50:00+05:30,24796.75,24822.85,24790.9,24821.95,6539182
2025-10-03 09:55:00+05:30,24821.9,24833.0,24818.5,24828.55,4829828
2025-10-03 10:00:00+05:30,24829.25,24833.8,24808.65,24813.3,4332034
2025-10-03 10:05:00+05:30,24813.35,24821.15,24803.9,24805.15,3557712
2025-10-03 10:10:00+05:30,24804.0,24809.05,24791.85,24798.35,4150377
2025-10-03 10:15:00+05:30,24798.5,24799.65,24780.85,24793.3,3955174
2025-10-03 10:20:00+05:30,24793.35,24802.5,24785.95,24788.35,3513220
2025-10-03 10:25:00+05:30,24787.35,24812.75,24786.15,24812.6,2846742
2025-10-03 10:30:00+05:30,24812.3,24822.35,24810.7,24820.45,5138544
2025-10-03 10:35:00+05:30,24820.5,24821.2,24807.85,24815.5,4324593
2025-10-03 10:40:00+05:30,24815.15,24816.3,24779.95,24782.85,6428561
2025-10-03 10:45:00+05:30,24782.55,24793.6,24772.95,24791.0,5059998
2025-10-03 10:50:00+05:30,24790.45,24801.5,24786.45,24797.2,5092344
2025-10-03 10:55:00+05:30,24797.15,24799.6,24790.2,24791.3,4768511
2025-10-03 11:00:00+05:30,24791.35,24807.2,24788.85,24797.9,3667686
2025-10-03 11:05:00+05:30,24797.7,24809.65,24792.1,24802.9,2957849
2025-10-03 11:10:00+05:30,24802.9,24816.1,24802.2,24815.6,3485311
2025-10-03 11:15:00+05:30,24815.05,24831.5,24815.0,24823.4,3476340
2025-10-03 11:20:00+05:30,24823.3,24832.55,24814.15,24817.25,3669836
2025-10-03 11:25:00+05:30,24816.9,24821.1,24810.55,24811.45,3412387
2025-10-03 11:30:00+05:30,24811.25,24828.5,24810.45,24827.35,3105843
2025-10-03 11:35:00+05:30,24827.75,24829.45,24819.65,24822.15,3088892
2025-10-03 11:40:00+05:30,24822.55,24828.95,24815.6,24821.4,3424212
2025-10-03 11:45:00+05:30,24821.65,24824.25,24811.5,24821.65,3585230
2025-10-03 11:50:00+05:30,24821.4,24828.85,24820.7,24826.55,3267089
2025-10-03 11:55:00+05:30,24826.7,24826.7,24815.1,24819.5,3551090
2025-10-03 12:00:00+05:30,24819.65,24827.55,24817.9,24824.0,3214173
2025-10-03 12:05:00+05:30,24824.05,24850.0,24823.35,24842.3,3849836
2025-10-03 12:10:00+05:30,24842.15,24850.75,24832.9,24840.4,8220529
2025-10-03 12:15:00+05:30,24839.95,24840.15,24812.75,24815.7,4698513
2025-10-03 12:20:00+05:30,24815.2,24826.25,24809.65,24821.85,4431081
2025-10-03 12:25:00+05:30,24821.25,24834.4,24817.35,24824.75,3074152
2025-10-03 12:30:00+05:30,24824.2,24826.35,24798.2,24803.05,4268362
2025-10-03 12:35:00+05:30,24802.1,24820.1,24796.8,24814.45,2879240
2025-10-03 12:40:00+05:30,24813.65,24824.6,24806.55,24824.4,2854348
2025-10-03 12:45:00+05:30,24824.35,24835.55,24820.6,24825.3,2758990
2025-10-03 12:50:00+05:30,24825.5,24833.9,24818.85,24829.4,2647419
2025-10-03 12:55:00+05:30,24828.95,24830.75,24821.0,24826.2,2563524
2025-10-03 13:00:00+05:30,24827.55,24827.6,24812.45,24824.2,3004270
2025-10-03 13:05:00+05:30,24824.65,24844.15,24824.15,24842.7,3458059
2025-10-03 13:10:00+05:30,24841.9,24847.0,24836.65,24843.65,2903986
2025-10-03 13:15:00+05:30,24843.25,24844.7,24833.55,24841.95,2891798
2025-10-03 13:20:00+05:30,24841.5,24844.3,24833.7,24834.5,2441259
2025-10-03 13:25:00+05:30,24834.2,24835.4,24823.55,24824.85,3480356
2025-10-03 13:30:00+05:30,24824.6,24830.75,24820.45,24823.95,3895585
2025-10-03 13:35:00+05:30,24822.7,24834.05,24811.95,24814.3,4423064
2025-10-03 13:40:00+05:30,24814.6,24832.8,24814.6,24828.25,2929889
2025-10-03 13:45:00+05:30,24828.1,24839.1,24818.8,24822.9,2736333
2025-10-03 13:50:00+05:30,24822.6,24833.1,24821.05,24832.7,2114099
2025-10-03 13:55:00+05:30,24833.3,24841.7,24825.05,24829.85,2366953
2025-10-03 14:00:00+05:30,24829.25,24839.25,24825.6,24838.1,2952377
2025-10-03 14:05:00+05:30,24838.15,24840.45,24825.55,24825.7,3833537
2025-10-03 14:10:00+05:30,24826.4,24827.0,24808.15,24809.05,3121031
2025-10-03 14:15:00+05:30,24808.15,24825.8,24808.15,24819.05,3006585
2025-10-03 14:20:00+05:30,24818.4,24822.8,24814.3,24816.0,2284082
2025-10-03 14:25:00+05:30,24816.7,24831.3,24815.45,24828.9,2707519
2025-10-03 14:30:00+05:30,24828.8,24838.2,24828.25,24837.7,3340968
2025-10-03 14:35:00+05:30,24838.3,24867.45,24837.9,24867.05,4366511
2025-10-03 14:40:00+05:30,24866.85,24880.95,24866.85,24879.85,3908265
2025-10-03 14:45:00+05:30,24879.7,24883.8,24869.45,24869.45,4318944
2025-10-03 14:50:00+05:30,24871.15,24886.4,24864.35,24881.35,4812777
2025-10-03 14:55:00+05:30,24881.8,24891.4,24881.35,24890.35,4279630
2025-10-03 15:00:00+05:30,24891.15,24898.2,24886.7,24896.45,8575937
2025-10-03 15:05:00+05:30,24896.1,24904.8,24896.1,24899.8,8207528
2025-10-03 15:10:00+05:30,24898.6,24899.05,24888.2,24888.5,8742887
2025-10-03 15:15:00+05:30,24888.95,24890.5,24883.8,24885.65,10730211
2025-10-03 15:20:00+05:30,24886.05,24897.85,24879.5,24896.0,12493146
2025-10-03 15:25:00+05:30,24895.45,24900.8,24884.25,24895.0,10004915
2025-10-06 09:15:00+05:30,24916.55,24943.05,24905.55,24927.05,13767160
2025-10-06 09:20:00+05:30,24927.5,24932.15,24898.85,24918.0,8651677
2025-10-06 09:25:00+05:30,24917.8,24919.0,24897.85,24901.85,6978972
2025-10-06 09:30:00+05:30,24900.45,24914.35,24881.65,24910.8,4560127
2025-10-06 09:35:00+05:30,24910.45,24931.05,24906.3,24926.85,4289719
2025-10-06 09:40:00+05:30,24926.45,24947.2,24922.15,24944.8,4711081
2025-10-06 09:45:00+05:30,24945.3,24959.25,24941.05,24958.15,4705320
2025-10-06 09:50:00+05:30,24958.6,24967.85,24940.0,24941.7,4269048
2025-10-06 09:55:00+05:30,24941.4,24957.35,24937.3,24953.6,3215116
2025-10-06 10:00:00+05:30,24954.7,24962.85,24947.6,24955.65,3103548
2025-10-06 10:05:00+05:30,24955.75,24960.45,24946.45,24959.3,2548196
2025-10-06 10:10:00+05:30,24958.75,24972.35,24952.85,24968.9,2950481
2025-10-06 10:15:00+05:30,24969.65,24973.75,24965.7,24970.45,3362532
2025-10-06 10:20:00+05:30,24971.25,24977.15,24961.1,24974.8,2902249
2025-10-06 10:25:00+05:30,24974.75,24978.5,24965.8,24966.3,1838038
2025-10-06 10:30:00+05:30,24966.45,24982.85,24960.85,24980.3,2025224
2025-10-06 10:35:00+05:30,24980.1,24989.95,24976.7,24988.05,2487493
2025-10-06 10:40:00+05:30,24987.25,24987.9,24974.75,24976.6,2658592
2025-10-06 10:45:00+05:30,24976.75,24981.75,24967.15,24974.5,3209963
2025-10-06 10:50:00+05:30,24974.95,24982.55,24964.2,24981.45,3886555
2025-10-06 10:55:00+05:30,24981.5,24992.2,24980.55,24985.05,2866956
2025-10-06 11:00:00+05:30,24985.5,24991.3,24982.8,24985.35,2321790
2025-10-06 11:05:00+05:30,24985.3,24992.45,24977.85,24989.85,3668152
2025-10-06 11:10:00+05:30,24989.85,25016.55,24984.2,25014.8,5173383
2025-10-06 11:15:00+05:30,25014.9,25015.45,24982.55,24996.0,3242067
2025-10-06 11:20:00+05:30,24995.85,25006.8,24994.3,24999.2,2507159
2025-10-06 11:25:00+05:30,24999.2,25013.4,24996.3,25011.5,2326457
2025-10-06 11:30:00+05:30,25011.65,25015.55,25007.8,25010.8,2910999
2025-10-06 11:35:00+05:30,25011.7,25011.7,24999.9,25006.55,2116520
2025-10-06 11:40:00+05:30,25005.2,25012.95,25002.15,25006.2,1502833
2025-10-06 11:45:00+05:30,25005.6,25007.95,24995.9,24999.45,1890395
2025-10-06 11:50:00+05:30,24999.05,24999.8,24985.2,24987.75,2373854
2025-10-06 11:55:00+05:30,24987.0,24998.75,24984.45,24992.35,1974096
2025-10-06 12:00:00+05:30,24991.55,25006.25,24990.25,24998.4,3167292
2025-10-06 12:05:00+05:30,24997.75,25002.95,24994.45,24999.4,1751066
2025-10-06 12:10:00+05:30,24999.55,25008.45,24995.3,25008.05,2814268
2025-10-06 12:15:00+05:30,25008.15,25013.45,25002.2,25008.1,2179263
2025-10-06 12:20:00+05:30,25009.25,25012.15,25003.2,25010.65,3226506
2025-10-06 12:25:00+05:30,25010.6,25011.8,25003.5,25006.0,2275337
2025-10-06 12:30:00+05:30,25005.75,25006.8,24998.2,25005.65,3143387
2025-10-06 12:35:00+05:30,25005.35,25006.2,24998.5,25003.9,3529922
2025-10-06 12:40:00+05:30,25003.85,25016.4,24998.8,25014.9,2709891
2025-10-06 12:45:00+05:30,25014.05,25023.7,25012.6,25018.1,2646486
2025-10-06 12:50:00+05:30,25017.75,25028.7,25017.1,25026.0,2773286
2025-10-06 12:55:00+05:30,25026.1,25040.35,25023.35,25038.75,2456773
2025-10-06 13:00:00+05:30,25039.4,25049.5,25035.6,25048.85,2324011
2025-10-06 13:05:00+05:30,25048.05,25060.35,25044.65,25060.15,2414883
2025-10-06 13:10:00+05:30,25058.9,25063.6,25052.25,25060.05,4072369
2025-10-06 13:15:00+05:30,25058.55,25062.85,25047.55,25051.95,3826350
2025-10-06 13:20:00+05:30,25050.5,25055.85,25047.25,25048.2,2617857
2025-10-06 13:25:00+05:30,25048.45,25066.75,25048.2,25066.15,2562666
2025-10-06 13:30:00+05:30,25065.85,25085.65,25065.85,25079.55,3829705
2025-10-06 13:35:00+05:30,25079.05,25088.4,25074.0,25080.5,3875812
2025-10-06 13:40:00+05:30,25080.45,25083.4,25072.55,25074.3,2625727
2025-10-06 13:45:00+05:30,25074.2,25076.85,25057.95,25058.65,3136024
2025-10-06 13:50:00+05:30,25057.2,25064.05,25026.15,25062.8,4653491
2025-10-06 13:55:00+05:30,25062.9,25074.25,25059.3,25072.45,1965561
2025-10-06 14:00:00+05:30,25072.2,25084.85,25063.6,25066.2,2487739
2025-10-06 14:05:00+05:30,25065.7,25073.15,25051.45,25062.1,3537466
2025-10-06 14:10:00+05:30,25061.6,25064.4,25053.5,25059.75,2315781
2025-10-06 14:15:00+05:30,25059.65,25062.0,25048.45,25054.45,2394073
2025-10-06 14:20:00+05:30,25053.0,25064.5,25053.0,25060.45,2223676
2025-10-06 14:25:00+05:30,25059.05,25067.75,25035.0,25035.0,3672244
2025-10-06 14:30:00+05:30,25038.15,25067.9,25032.45,25065.0,6104314
2025-10-06 14:35:00+05:30,25064.6,25072.85,25061.8,25070.8,2856755
2025-10-06 14:40:00+05:30,25070.95,25071.75,25061.95,25064.95,2387976
2025-10-06 14:45:00+05:30,25067.5,25073.0,25048.5,25056.25,3157309
2025-10-06 14:50:00+05:30,25057.1,25095.95,25054.6,25077.25,5109905
2025-10-06 14:55:00+05:30,25077.1,25086.45,25077.1,25083.8,3392060
2025-10-06 15:00:00+05:30,25084.7,25084.7,25071.0,25072.4,4638900
2025-10-06 15:05:00+05:30,25073.15,25084.25,25071.4,25082.6,5425176
2025-10-06 15:10:00+05:30,25081.75,25083.45,25073.9,25074.5,5820194
2025-10-06 15:15:00+05:30,25075.05,25082.7,25072.1,25081.45,6879015
2025-10-06 15:20:00+05:30,25081.6,25084.4,25074.25,25078.15,7101815
2025-10-06 15:25:00+05:30,25077.95,25084.65,25064.6,25072.55,5841919
2025-10-07 09:15:00+05:30,25085.3,25139.7,25083.0,25084.9,10466655
2025-10-07 09:20:00+05:30,25083.7,25120.6,25076.3,25111.15,8863281
2025-10-07 09:25:00+05:30,25110.6,25120.95,25094.9,25119.05,5978048
2025-10-07 09:30:00+05:30,25119.9,25124.2,25106.4,25118.55,5419902
2025-10-07 09:35:00+05:30,25117.9,25134.45,25114.15,25133.1,4541098
2025-10-07 09:40:00+05:30,25131.6,25148.15,25131.6,25146.05,5057760
2025-10-07 09:45:00+05:30,25146.5,25166.85,25142.5,25161.05,5281111
2025-10-07 09:50:00+05:30,25160.4,25186.15,25159.35,25178.25,5222826
2025-10-07 09:55:00+05:30,25178.25,25195.3,25176.3,25180.75,4293006
2025-10-07 10:00:00+05:30,25181.35,25202.2,25179.15,25199.9,3911502
2025-10-07 10:05:00+05:30,25198.7,25199.4,25183.9,25185.75,4329017
2025-10-07 10:10:00+05:30,25187.7,25194.75,25179.3,25183.65,2865139
2025-10-07 10:15:00+05:30,25185.15,25191.6,25174.55,25180.7,2628205
2025-10-07 10:20:00+05:30,25180.35,25189.45,25170.0,25173.2,3541408
2025-10-07 10:25:00+05:30,25173.2,25182.3,25169.85,25177.0,2993030
2025-10-07 10:30:00+05:30,25176.85,25195.95,25171.85,25172.0,2691963
2025-10-07 10:35:00+05:30,25172.7,25183.7,25161.35,25183.45,3060789
2025-10-07 10:40:00+05:30,25182.85,25185.95,25166.75,25170.2,2595901
2025-10-07 10:45:00+05:30,25169.8,25173.45,25164.0,25164.35,3046787
2025-10-07 10:50:00+05:30,25164.0,25169.45,25156.4,25162.95,3061738
2025-10-07 10:55:00+05:30,25162.5,25169.15,25147.6,25155.45,2791327
2025-10-07 11:00:00+05:30,25155.7,25161.3,25143.5,25155.05,2783412
2025-10-07 11:05:00+05:30,25155.3,25165.15,25153.0,25161.35,1963386
2025-10-07 11:10:00+05:30,25161.2,25163.1,25144.4,25152.2,2422008
2025-10-07 11:15:00+05:30,25152.0,25154.9,25140.25,25140.9,2168044
2025-10-07 11:20:00+05:30,25141.0,25142.05,25099.65,25102.45,3051292
2025-10-07 11:25:00+05:30,25102.25,25133.8,25102.25,25133.8,3075358
2025-10-07 11:30:00+05:30,25133.7,25136.35,25117.0,25130.45,3352177
2025-10-07 11:35:00+05:30,25130.4,25130.4,25098.2,25114.6,2634622
2025-10-07 11:40:00+05:30,25114.3,25123.15,25106.95,25121.7,3537848
2025-10-07 11:45:00+05:30,25121.65,25129.05,25109.0,25121.3,1907900
2025-10-07 11:50:00+05:30,25121.25,25130.0,25115.7,25124.45,2650796
2025-10-07 11:55:00+05:30,25125.2,25132.9,25122.35,25130.65,1937051
2025-10-07 12:00:00+05:30,25130.45,25154.7,25130.45,25154.25,1885763
2025-10-07 12:05:00+05:30,25154.4,25166.75,25153.55,25162.1,2091263
2025-10-07 12:10:00+05:30,25161.8,25175.3,25147.15,25154.3,3874729
2025-10-07 12:15:00+05:30,25154.25,25158.1,25146.25,25148.1,1966573
2025-10-07 12:20:00+05:30,25147.95,25153.6,25140.6,25151.35,2448232
2025-10-07 12:25:00+05:30,25150.85,25167.25,25148.05,25162.15,2739997
2025-10-07 12:30:00+05:30,25160.1,25172.8,25150.1,25156.3,3791673
2025-10-07 12:35:00+05:30,25157.15,25168.65,25150.0,25165.0,2322212
2025-10-07 12:40:00+05:30,25166.25,25175.25,25161.8,25167.65,2443005
2025-10-07 12:45:00+05:30,25167.4,25173.0,25164.2,25168.05,1739637
2025-10-07 12:50:00+05:30,25167.9,25179.1,25159.35,25177.15,2423456
2025-10-07 12:55:00+05:30,25176.4,25178.0,25156.45,25174.6,3740678
2025-10-07 13:00:00+05:30,25174.2,25188.8,25170.85,25183.65,4645943
2025-10-07 13:05:00+05:30,25183.55,25191.4,25179.8,25191.1,2684660
2025-10-07 13:10:00+05:30,25191.8,25193.7,25180.1,25188.1,4370630
2025-10-07 13:15:00+05:30,25188.65,25201.15,25186.6,25194.6,3159531
2025-10-07 13:20:00+05:30,25194.25,25196.65,25185.7,25193.35,2320968
2025-10-07 13:25:00+05:30,25192.6,25198.85,25187.65,25196.9,2058609
2025-10-07 13:30:00+05:30,25197.35,25198.95,25171.95,25175.45,2687917
2025-10-07 13:35:00+05:30,25175.25,25193.25,25165.85,25193.05,3095311
2025-10-07 13:40:00+05:30,25192.1,25211.75,25192.1,25210.35,2467172
2025-10-07 13:45:00+05:30,25210.65,25217.05,25203.3,25206.5,2646075
2025-10-07 13:50:00+05:30,25206.2,25209.85,25189.8,25201.05,2892760
2025-10-07 13:55:00+05:30,25201.15,25208.35,25192.0,25198.45,2531946
2025-10-07 14:00:00+05:30,25198.55,25206.5,25194.75,25203.7,2095858
2025-10-07 14:05:00+05:30,25202.4,25210.45,25197.95,25209.4,2403305
2025-10-07 14:10:00+05:30,25208.55,25214.55,25192.8,25212.55,3147875
2025-10-07 14:15:00+05:30,25212.25,25220.9,25195.85,25198.4,4024906
2025-10-07 14:20:00+05:30,25197.6,25198.1,25182.5,25195.55,3044676
2025-10-07 14:25:00+05:30,25195.05,25197.55,25146.1,25153.25,4426296
2025-10-07 14:30:00+05:30,25152.9,25170.7,25151.1,25158.3,2812115
2025-10-07 14:35:00+05:30,25155.9,25155.9,25129.65,25140.5,3979696
2025-10-07 14:40:00+05:30,25141.4,25151.3,25123.3,25134.4,4204423
2025-10-07 14:45:00+05:30,25134.35,25162.9,25131.9,25162.75,3787991
2025-10-07 14:50:00+05:30,25161.45,25167.25,25133.35,25138.15,5392482
2025-10-07 14:55:00+05:30,25138.05,25147.4,25135.15,25137.35,3667547
2025-10-07 15:00:00+05:30,25137.9,25139.0,25115.25,25123.15,8544543
2025-10-07 15:05:00+05:30,25123.1,25129.65,25099.0,25111.25,8704785
2025-10-07 15:10:00+05:30,25110.1,25110.1,25085.9,25091.0,7688785
2025-10-07 15:15:00+05:30,25091.6,25107.0,25088.6,25101.5,10225266
2025-10-07 15:20:00+05:30,25103.75,25113.15,25091.0,25100.85,11572908
2025-10-07 15:25:00+05:30,25102.05,25121.55,25099.75,25112.8,5734577
2025-10-08 09:15:00+05:30,25079.75,25147.6,25078.0,25146.05,9642481
2025-10-08 09:20:00+05:30,25147.0,25176.9,25139.95,25174.7,5096059
2025-10-08 09:25:00+05:30,25172.4,25179.05,25160.55,25176.6,5017869
2025-10-08 09:30:00+05:30,25175.3,25182.1,25159.25,25159.85,3914588
2025-10-08 09:35:00+05:30,25160.25,25187.2,25157.75,25180.15,2905834
2025-10-08 09:40:00+05:30,25179.2,25192.5,25172.35,25177.4,2734946
2025-10-08 09:45:00+05:30,25178.15,25178.3,25153.7,25155.6,3539513
2025-10-08 09:50:00+05:30,25155.1,25165.45,25137.3,25155.9,2878515
2025-10-08 09:55:00+05:30,25154.9,25172.9,25153.6,25165.0,1988579
2025-10-08 10:00:00+05:30,25163.5,25166.2,25151.95,25155.4,2887247
2025-10-08 10:05:00+05:30,25154.7,25175.4,25151.6,25166.9,2218581
2025-10-08 10:10:00+05:30,25165.05,25168.05,25141.65,25149.55,2742929
2025-10-08 10:15:00+05:30,25148.35,25152.85,25138.65,25141.95,2353814
2025-10-08 10:20:00+05:30,25141.05,25142.15,25114.9,25119.45,2501717
2025-10-08 10:25:00+05:30,25117.6,25143.85,25117.6,25132.15,2298701
2025-10-08 10:30:00+05:30,25132.85,25133.15,25112.1,25125.3,2201305
2025-10-08 10:35:00+05:30,25124.45,25135.25,25123.0,25133.35,1381363
2025-10-08 10:40:00+05:30,25133.25,25136.65,25124.25,25125.9,1645639
2025-10-08 10:45:00+05:30,25125.65,25126.35,25111.05,25119.55,2244699
2025-10-08 10:50:00+05:30,25118.55,25120.4,25103.55,25103.6,2435164
2025-10-08 10:55:00+05:30,25103.55,25110.9,25080.2,25089.55,2695595
2025-10-08 11:00:00+05:30,25088.6,25093.35,25067.05,25070.9,3067985
2025-10-08 11:05:00+05:30,25069.6,25074.0,25044.2,25048.8,4083887
2025-10-08 11:10:00+05:30,25047.65,25060.55,25041.45,25042.65,3020536
2025-10-08 11:15:00+05:30,25042.05,25051.5,25025.95,25035.05,2636207
2025-10-08 11:20:00+05:30,25033.3,25042.45,25022.5,25038.25,2715745
2025-10-08 11:25:00+05:30,25037.4,25057.4,25036.4,25036.4,2829719
2025-10-08 11:30:00+05:30,25035.35,25041.6,25030.7,25041.6,2516926
2025-10-08 11:35:00+05:30,25040.95,25051.35,25039.65,25045.7,1744967
2025-10-08 11:40:00+05:30,25045.0,25052.05,25037.9,25038.3,2119392
2025-10-08 11:45:00+05:30,25038.45,25045.4,25033.8,25044.05,2199509
2025-10-08 11:50:00+05:30,25043.75,25069.85,25043.75,25061.3,2736943
2025-10-08 11:55:00+05:30,25060.35,25063.4,25042.8,25051.05,2550444
2025-10-08 12:00:00+05:30,25050.55,25052.1,25033.95,25035.75,1905174
2025-10-08 12:05:00+05:30,25033.1,25039.75,25029.45,25039.35,1580859
2025-10-08 12:10:00+05:30,25038.1,25051.7,25038.0,25051.1,2928465
2025-10-08 12:15:00+05:30,25050.85,25052.2,25034.5,25043.65,2766194
2025-10-08 12:20:00+05:30,25043.4,25044.0,25009.35,25014.8,3041258
2025-10-08 12:25:00+05:30,25013.8,25031.75,25008.5,25025.8,2411670
2025-10-08 12:30:00+05:30,25025.35,25025.8,25015.95,25021.8,1505043
2025-10-08 12:35:00+05:30,25020.65,25040.4,25020.65,25025.25,2078723
2025-10-08 12:40:00+05:30,25025.1,25041.15,25025.1,25040.25,1737801
2025-10-08 12:45:00+05:30,25038.95,25071.55,25038.95,25063.2,1854642
2025-10-08 12:50:00+05:30,25063.2,25075.15,25056.4,25074.35,2383743
2025-10-08 12:55:00+05:30,25073.2,25086.0,25068.35,25086.0,2638746
2025-10-08 13:00:00+05:30,25085.75,25088.2,25076.3,25082.4,2496485
2025-10-08 13:05:00+05:30,25082.4,25096.3,25069.4,25096.3,1863704
2025-10-08 13:10:00+05:30,25095.25,25103.9,25094.7,25098.05,2363939
2025-10-08 13:15:00+05:30,25096.65,25111.95,25079.2,25104.3,3713460
2025-10-08 13:20:00+05:30,25102.95,25110.85,25100.0,25100.05,2169362
2025-10-08 13:25:00+05:30,25099.3,25109.45,25090.75,25092.65,1760488
2025-10-08 13:30:00+05:30,25091.95,25123.6,25087.7,25118.1,2071436
2025-10-08 13:35:00+05:30,25117.7,25128.75,25117.4,25119.65,2727013
2025-10-08 13:40:00+05:30,25120.0,25127.25,25103.3,25117.3,2575719
2025-10-08 13:45:00+05:30,25116.9,25131.95,25116.9,25122.75,2445810
2025-10-08 13:50:00+05:30,25123.0,25128.55,25119.8,25120.8,2123997
2025-10-08 13:55:00+05:30,25120.85,25129.55,25115.6,25127.85,2334647
2025-10-08 14:00:00+05:30,25127.75,25134.35,25102.4,25116.9,2611381
2025-10-08 14:05:00+05:30,25116.25,25122.85,25062.2,25062.2,4097469
2025-10-08 14:10:00+05:30,25063.1,25085.7,25051.15,25070.3,3963716
2025-10-08 14:15:00+05:30,25073.2,25079.55,25066.75,25077.1,1684863
2025-10-08 14:20:00+05:30,25079.95,25083.3,25059.55,25077.5,2520364
2025-10-08 14:25:00+05:30,25076.2,25079.5,25057.9,25063.15,2457580
2025-10-08 14:30:00+05:30,25062.4,25072.95,25052.75,25056.3,1916868
2025-10-08 14:35:00+05:30,25055.9,25079.65,25053.25,25078.15,2344171
2025-10-08 14:40:00+05:30,25077.75,25084.85,25062.7,25068.4,3142587
2025-10-08 14:45:00+05:30,25069.1,25076.3,25056.4,25062.2,2438717
2025-10-08 14:50:00+05:30,25061.25,25083.9,25045.55,25081.5,4930053
2025-10-08 14:55:00+05:30,25080.95,25083.45,25060.55,25061.7,2232865
2025-10-08 15:00:00+05:30,25059.7,25065.1,25051.7,25059.5,5025482
2025-10-08 15:05:00+05:30,25060.1,25064.6,25052.35,25052.45,5073058
2025-10-08 15:10:00+05:30,25054.75,25056.95,25032.4,25036.4,6450341
2025-10-08 15:15:00+05:30,25035.85,25045.35,25034.25,25043.25,7240228
2025-10-08 15:20:00+05:30,25043.35,25047.4,25037.7,25037.9,7770615
2025-10-08 15:25:00+05:30,25038.8,25042.4,25022.35,25023.8,7097309
2025-10-09 09:15:00+05:30,25074.3,25085.5,25039.1,25058.95,11503725
2025-10-09 09:20:00+05:30,25059.6,25107.7,25059.6,25105.15,8842777
2025-10-09 09:25:00+05:30,25105.5,25111.5,25092.35,25108.1,8444255
2025-10-09 09:30:00+05:30,25107.35,25120.35,25086.15,25091.1,8147167
2025-10-09 09:35:00+05:30,25091.85,25104.5,25072.4,25097.75,4725942
2025-10-09 09:40:00+05:30,25097.85,25099.7,25064.25,25068.0,4422411
2025-10-09 09:45:00+05:30,25067.8,25083.1,25056.45,25061.8,3584848
2025-10-09 09:50:00+05:30,25060.75,25062.1,25034.75,25059.9,3570776
2025-10-09 09:55:00+05:30,25059.45,25061.6,25048.3,25048.6,4247019
2025-10-09 10:00:00+05:30,25048.9,25060.65,25036.6,25054.75,3628559
2025-10-09 10:05:00+05:30,25054.9,25055.7,25039.75,25042.9,4155083
2025-10-09 10:10:00+05:30,25043.55,25045.1,25024.3,25041.8,2269331
2025-10-09 10:15:00+05:30,25042.05,25063.55,25032.75,25051.05,2830351
2025-10-09 10:20:00+05:30,25051.75,25074.85,25044.35,25071.9,4046276
2025-10-09 10:25:00+05:30,25071.7,25085.3,25062.7,25078.45,3450576
2025-10-09 10:30:00+05:30,25078.8,25091.3,25078.8,25088.75,2618501
2025-10-09 10:35:00+05:30,25088.65,25109.65,25088.65,25099.9,2518724
2025-10-09 10:40:00+05:30,25099.8,25103.8,25090.5,25100.25,2613735
2025-10-09 10:45:00+05:30,25100.35,25106.95,25095.15,25097.4,3843814
2025-10-09 10:50:00+05:30,25096.55,25097.7,25076.95,25088.85,3044880
2025-10-09 10:55:00+05:30,25088.65,25104.65,25084.25,25102.55,2563133
2025-10-09 11:00:00+05:30,25102.0,25128.55,25102.0,25119.0,4075120
2025-10-09 11:05:00+05:30,25117.9,25155.3,25114.45,25151.05,3895476
2025-10-09 11:10:00+05:30,25151.65,25157.7,25142.35,25152.55,3640658
2025-10-09 11:15:00+05:30,25152.85,25154.1,25131.05,25136.25,3444274
2025-10-09 11:20:00+05:30,25136.3,25147.7,25131.2,25141.7,3109862
2025-10-09 11:25:00+05:30,25141.6,25152.0,25138.5,25147.55,2325753
2025-10-09 11:30:00+05:30,25147.85,25160.75,25140.95,25155.7,2538289
2025-10-09 11:35:00+05:30,25160.1,25174.6,25159.95,25166.15,2204410
2025-10-09 11:40:00+05:30,25166.05,25169.65,25148.6,25154.4,3832600
2025-10-09 11:45:00+05:30,25154.9,25181.25,25151.4,25174.7,3350444
2025-10-09 11:50:00+05:30,25174.95,25174.95,25149.0,25152.85,1707024
2025-10-09 11:55:00+05:30,25151.9,25152.1,25133.3,25136.65,2122421
2025-10-09 12:00:00+05:30,25135.75,25155.75,25135.75,25140.5,3322748
2025-10-09 12:05:00+05:30,25140.35,25141.6,25122.9,25132.05,2994407
2025-10-09 12:10:00+05:30,25132.35,25142.65,25130.65,25140.0,2888974
2025-10-09 12:15:00+05:30,25140.35,25159.45,25139.2,25154.1,2660869
2025-10-09 12:20:00+05:30,25153.95,25161.4,25150.65,25153.45,1966945
2025-10-09 12:25:00+05:30,25152.85,25154.85,25140.45,25144.75,2589357
2025-10-09 12:30:00+05:30,25143.9,25149.75,25132.05,25144.4,2902448
2025-10-09 12:35:00+05:30,25144.55,25149.9,25136.15,25138.25,2220927
2025-10-09 12:40:00+05:30,25138.35,25144.55,25121.45,25138.3,2856954
2025-10-09 12:45:00+05:30,25138.1,25147.8,25133.0,25147.6,2527603
2025-10-09 12:50:00+05:30,25147.75,25154.05,25132.6,25136.75,2783494
2025-10-09 12:55:00+05:30,25136.35,25149.1,25133.3,25134.6,2304013
2025-10-09 13:00:00+05:30,25135.0,25140.85,25127.65,25138.35,2108040
2025-10-09 13:05:00+05:30,25137.5,25145.7,25136.1,25139.8,2190416
2025-10-09 13:10:00+05:30,25139.5,25144.65,25119.75,25132.95,2552764
2025-10-09 13:15:00+05:30,25132.9,25147.75,25130.4,25142.1,2213491
2025-10-09 13:20:00+05:30,25145.05,25145.45,25130.6,25133.45,2170313
2025-10-09 13:25:00+05:30,25132.95,25149.25,25127.7,25147.3,2372822
2025-10-09 13:30:00+05:30,25146.9,25157.5,25145.2,25147.1,2440781
2025-10-09 13:35:00+05:30,25147.7,25153.4,25134.1,25140.2,2502458
2025-10-09 13:40:00+05:30,25141.2,25156.95,25138.1,25151.3,2213611
2025-10-09 13:45:00+05:30,25150.75,25159.1,25144.65,25145.25,2387804
2025-10-09 13:50:00+05:30,25145.1,25162.05,25144.0,25158.9,2820302
2025-10-09 13:55:00+05:30,25158.15,25168.9,25157.45,25164.8,2721251
2025-10-09 14:00:00+05:30,25165.5,25177.25,25165.5,25174.0,2685957
2025-10-09 14:05:00+05:30,25174.1,25182.45,25167.4,25167.4,2955495
2025-10-09 14:10:00+05:30,25167.45,25175.25,25139.1,25140.25,3113592
2025-10-09 14:15:00+05:30,25139.7,25154.1,25129.7,25130.8,3168564
2025-10-09 14:20:00+05:30,25130.6,25137.05,25120.5,25129.3,2499364
2025-10-09 14:25:00+05:30,25128.65,25140.2,25122.2,25137.55,5294790
2025-10-09 14:30:00+05:30,25135.45,25149.65,25128.45,25129.2,2961549
2025-10-09 14:35:00+05:30,25129.45,25160.55,25128.6,25154.65,5002060
2025-10-09 14:40:00+05:30,25156.95,25165.55,25147.1,25153.55,3724081
2025-10-09 14:45:00+05:30,25153.9,25160.5,25133.05,25133.75,4838326
2025-10-09 14:50:00+05:30,25131.95,25163.35,25126.4,25161.6,4468888
2025-10-09 14:55:00+05:30,25161.45,25172.25,25158.45,25170.05,4828463
2025-10-09 15:00:00+05:30,25169.05,25193.75,25169.05,25182.25,7000871
2025-10-09 15:05:00+05:30,25182.1,25199.25,25168.4,25196.7,7484193
2025-10-09 15:10:00+05:30,25195.8,25198.05,25177.2,25177.7,8435385
2025-10-09 15:15:00+05:30,25177.45,25194.45,25174.6,25188.2,8626705
2025-10-09 15:20:00+05:30,25187.5,25188.65,25168.45,25181.95,8287421
2025-10-09 15:25:00+05:30,25181.25,25184.9,25160.9,25170.3,7586403
2025-10-10 09:15:00+05:30,25167.65,25222.65,25156.85,25221.2,10527716
2025-10-10 09:20:00+05:30,25221.1,25242.05,25208.75,25236.25,5707293
2025-10-10 09:25:00+05:30,25236.2,25239.75,25218.95,25231.7,5689798
2025-10-10 09:30:00+05:30,25231.45,25253.95,25231.45,25250.4,3735005
2025-10-10 09:35:00+05:30,25249.4,25257.0,25242.15,25244.2,4791354
2025-10-10 09:40:00+05:30,25243.95,25269.85,25235.5,25268.1,3286703
2025-10-10 09:45:00+05:30,25268.3,25285.1,25267.1,25279.2,3677840
2025-10-10 09:50:00+05:30,25279.05,25281.9,25262.15,25267.05,2732917
2025-10-10 09:55:00+05:30,25266.75,25270.65,25257.0,25266.4,2817711
2025-10-10 10:00:00+05:30,25266.05,25278.55,25261.1,25273.3,3293075
2025-10-10 10:05:00+05:30,25273.45,25277.0,25253.2,25256.65,3381845
2025-10-10 10:10:00+05:30,25256.55,25266.75,25248.75,25262.45,2943256
2025-10-10 10:15:00+05:30,25262.2,25293.85,25262.2,25293.0,2739858
2025-10-10 10:20:00+05:30,25291.2,25300.1,25275.0,25277.5,2712892
2025-10-10 10:25:00+05:30,25277.5,25280.9,25269.95,25276.2,2601656
2025-10-10 10:30:00+05:30,25275.8,25287.45,25275.3,25282.1,2557559
2025-10-10 10:35:00+05:30,25281.6,25286.95,25269.15,25272.15,2102777
2025-10-10 10:40:00+05:30,25273.0,25287.3,25257.75,25258.7,2674608
2025-10-10 10:45:00+05:30,25259.45,25277.15,25258.35,25277.15,2260175
2025-10-10 10:50:00+05:30,25277.5,25291.85,25275.75,25291.6,2115445
2025-10-10 10:55:00+05:30,25291.3,25303.7,25288.5,25297.0,2747045
2025-10-10 11:00:00+05:30,25296.6,25309.3,25290.45,25303.85,3024165
2025-10-10 11:05:00+05:30,25304.05,25307.55,25287.55,25289.35,2111851
2025-10-10 11:10:00+05:30,25288.35,25311.15,25284.85,25309.95,2713725
2025-10-10 11:15:00+05:30,25310.35,25315.55,25297.15,25303.7,1903424
2025-10-10 11:20:00+05:30,25302.85,25302.85,25287.6,25290.4,2383484
2025-10-10 11:25:00+05:30,25290.3,25294.45,25274.95,25282.55,3344826
2025-10-10 11:30:00+05:30,25283.4,25288.2,25266.85,25284.9,4796176
2025-10-10 11:35:00+05:30,25283.4,25298.35,25276.5,25278.8,3984362
2025-10-10 11:40:00+05:30,25278.85,25292.4,25276.85,25284.35,1900312
2025-10-10 11:45:00+05:30,25284.8,25290.65,25280.55,25288.2,2100651
2025-10-10 11:50:00+05:30,25287.8,25289.8,25277.2,25284.95,2394163
2025-10-10 11:55:00+05:30,25284.6,25288.75,25274.8,25277.65,2117666
2025-10-10 12:00:00+05:30,25281.8,25298.6,25281.8,25294.9,2634861
2025-10-10 12:05:00+05:30,25295.7,25297.4,25275.3,25278.4,2768582
2025-10-10 12:10:00+05:30,25279.05,25287.1,25274.95,25286.3,1937145
2025-10-10 12:15:00+05:30,25286.6,25294.8,25276.75,25277.2,2285425
2025-10-10 12:20:00+05:30,25278.8,25293.05,25274.35,25289.85,2838611
2025-10-10 12:25:00+05:30,25289.0,25291.8,25282.85,25282.85,2623772
2025-10-10 12:30:00+05:30,25282.2,25290.1,25277.55,25282.0,2087775
2025-10-10 12:35:00+05:30,25280.95,25285.65,25275.0,25279.05,3926083
2025-10-10 12:40:00+05:30,25278.1,25305.95,25276.45,25303.75,2420999
2025-10-10 12:45:00+05:30,25304.15,25318.8,25302.95,25310.2,2808406
2025-10-10 12:50:00+05:30,25310.9,25319.45,25297.7,25316.7,2483305
2025-10-10 12:55:00+05:30,25316.2,25321.7,25309.35,25313.9,2222351
2025-10-10 13:00:00+05:30,25314.65,25320.45,25308.85,25316.4,2740208
2025-10-10 13:05:00+05:30,25314.9,25319.8,25299.7,25302.1,2262084
2025-10-10 13:10:00+05:30,25301.9,25306.85,25292.5,25306.2,2599572
2025-10-10 13:15:00+05:30,25308.0,25321.1,25304.6,25311.65,2042646
2025-10-10 13:20:00+05:30,25311.05,25323.5,25300.35,25317.0,2604506
2025-10-10 13:25:00+05:30,25317.75,25318.7,25279.55,25303.9,4864749
2025-10-10 13:30:00+05:30,25305.75,25325.55,25303.15,25321.1,1893449
2025-10-10 13:35:00+05:30,25321.45,25330.1,25312.95,25328.2,3249272
2025-10-10 13:40:00+05:30,25328.3,25330.75,25315.45,25316.25,2052966
2025-10-10 13:45:00+05:30,25318.05,25319.45,25309.75,25313.6,2053334
2025-10-10 13:50:00+05:30,25312.55,25320.2,25310.65,25315.1,2204383
2025-10-10 13:55:00+05:30,25315.4,25324.6,25303.5,25304.95,2423529
2025-10-10 14:00:00+05:30,25305.05,25316.5,25302.35,25310.8,1774869
2025-10-10 14:05:00+05:30,25310.2,25314.6,25301.1,25303.25,2581538
2025-10-10 14:10:00+05:30,25303.45,25307.7,25297.55,25305.8,2119766
2025-10-10 14:15:00+05:30,25305.7,25313.6,25294.1,25298.1,3112287
2025-10-10 14:20:00+05:30,25297.35,25314.95,25295.85,25312.6,2176172
2025-10-10 14:25:00+05:30,25312.7,25316.1,25306.9,25308.3,1756599
2025-10-10 14:30:00+05:30,25310.0,25310.95,25297.0,25305.4,1829371
2025-10-10 14:35:00+05:30,25306.4,25310.45,25300.0,25300.95,1868672
2025-10-10 14:40:00+05:30,25301.25,25308.5,25297.3,25305.55,2110274
2025-10-10 14:45:00+05:30,25305.85,25305.85,25266.25,25292.65,5159995
2025-10-10 14:50:00+05:30,25293.5,25304.3,25291.9,25300.95,2535405
2025-10-10 14:55:00+05:30,25299.9,25306.4,25288.9,25304.35,2319827
2025-10-10 15:00:00+05:30,25302.65,25304.85,25276.15,25279.95,4232227
2025-10-10 15:05:00+05:30,25280.75,25286.1,25274.65,25284.2,5457033
2025-10-10 15:10:00+05:30,25282.65,25295.95,25280.55,25284.2,5393125
2025-10-10 15:15:00+05:30,25283.0,25298.0,25282.25,25284.35,7022631
2025-10-10 15:20:00+05:30,25284.75,25289.45,25280.85,25286.8,7595692
2025-10-10 15:25:00+05:30,25286.85,25292.55,25276.2,25278.2,5750323
2025-10-13 09:15:00+05:30,25177.3,25241.95,25175.8,25213.8,11846366
2025-10-13 09:20:00+05:30,25213.85,25223.95,25200.95,25216.0,6350645
2025-10-13 09:25:00+05:30,25216.6,25216.95,25187.3,25196.45,4452196
2025-10-13 09:30:00+05:30,25196.2,25197.05,25152.3,25163.35,4338568
2025-10-13 09:35:00+05:30,25163.2,25203.8,25153.5,25201.9,3390303
2025-10-13 09:40:00+05:30,25201.35,25217.25,25197.5,25216.25,2962500
2025-10-13 09:45:00+05:30,25216.5,25232.45,25211.55,25229.6,6738420
2025-10-13 09:50:00+05:30,25229.75,25229.75,25200.8,25202.4,2712838
2025-10-13 09:55:00+05:30,25203.2,25206.9,25194.05,25201.3,2778456
2025-10-13 10:00:00+05:30,25200.7,25205.0,25185.0,25192.2,2147910
2025-10-13 10:05:00+05:30,25192.75,25199.0,25173.0,25198.85,1924341
2025-10-13 10:10:00+05:30,25198.35,25203.2,25194.5,25199.25,1451410
2025-10-13 10:15:00+05:30,25199.35,25202.4,25186.6,25187.55,2166886
2025-10-13 10:20:00+05:30,25186.95,25187.45,25175.7,25185.55,2053796
2025-10-13 10:25:00+05:30,25186.0,25209.5,25180.2,25206.3,1950735
2025-10-13 10:30:00+05:30,25207.85,25216.15,25200.0,25206.75,1997225
2025-10-13 10:35:00+05:30,25206.7,25220.7,25205.15,25211.5,3838128
2025-10-13 10:40:00+05:30,25212.6,25229.4,25205.7,25206.2,2515947
2025-10-13 10:45:00+05:30,25206.6,25211.0,25199.8,25204.55,2891175
2025-10-13 10:50:00+05:30,25203.4,25204.9,25193.05,25193.85,2389912
2025-10-13 10:55:00+05:30,25193.85,25194.7,25181.95,25191.6,2170821
2025-10-13 11:00:00+05:30,25190.95,25196.45,25183.2,25194.85,1775975
2025-10-13 11:05:00+05:30,25194.75,25201.25,25190.9,25196.75,1743103
2025-10-13 11:10:00+05:30,25196.6,25200.2,25188.25,25191.4,2177913
2025-10-13 11:15:00+05:30,25191.1,25195.7,25175.25,25178.45,2552733
2025-10-13 11:20:00+05:30,25178.35,25185.45,25162.55,25164.9,2127462
2025-10-13 11:25:00+05:30,25164.15,25182.1,25161.9,25181.8,3647619
2025-10-13 11:30:00+05:30,25181.85,25183.8,25175.1,25181.05,1979263
2025-10-13 11:35:00+05:30,25180.8,25182.9,25172.5,25180.65,1795250
2025-10-13 11:40:00+05:30,25179.95,25186.05,25175.05,25179.45,1446622
2025-10-13 11:45:00+05:30,25179.2,25192.0,25175.2,25189.6,1569925
2025-10-13 11:50:00+05:30,25190.45,25193.35,25185.95,25192.8,1484830
2025-10-13 11:55:00+05:30,25192.4,25198.95,25189.85,25198.7,2520975
2025-10-13 12:00:00+05:30,25198.4,25202.0,25171.55,25180.7,2790281
2025-10-13 12:05:00+05:30,25180.55,25185.6,25176.6,25178.95,2027227
2025-10-13 12:10:00+05:30,25178.3,25203.4,25177.2,25189.65,1985791
2025-10-13 12:15:00+05:30,25187.15,25189.1,25175.65,25180.6,2022076
2025-10-13 12:20:00+05:30,25180.0,25184.8,25177.3,25179.1,1191252
2025-10-13 12:25:00+05:30,25179.2,25193.35,25177.5,25191.0,1207027
2025-10-13 12:30:00+05:30,25190.65,25192.7,25179.5,25182.9,1217320
2025-10-13 12:35:00+05:30,25182.8,25195.35,25181.75,25189.45,2248366
2025-10-13 12:40:00+05:30,25189.05,25205.9,25186.55,25205.75,2998048
2025-10-13 12:45:00+05:30,25205.3,25209.6,25179.65,25181.05,2929593
2025-10-13 12:50:00+05:30,25180.95,25193.9,25173.5,25192.35,2039395
2025-10-13 12:55:00+05:30,25193.0,25210.65,25190.7,25207.7,2187047
2025-10-13 13:00:00+05:30,25207.3,25210.0,25168.85,25171.15,4824188
2025-10-13 13:05:00+05:30,25171.1,25192.6,25169.7,25188.9,1709874
2025-10-13 13:10:00+05:30,25188.55,25212.25,25187.15,25210.0,2823096
2025-10-13 13:15:00+05:30,25209.05,25217.95,25194.05,25194.05,2289949
2025-10-13 13:20:00+05:30,25195.75,25200.3,25177.95,25180.25,3001873
2025-10-13 13:25:00+05:30,25180.35,25195.75,25177.9,25187.75,1813829
2025-10-13 13:30:00+05:30,25187.65,25205.2,25184.3,25193.3,2293621
2025-10-13 13:35:00+05:30,25193.1,25199.3,25184.85,25198.45,2705113
2025-10-13 13:40:00+05:30,25198.35,25203.55,25195.5,25198.25,2132342
2025-10-13 13:45:00+05:30,25198.8,25214.85,25197.3,25214.35,2749896
2025-10-13 13:50:00+05:30,25214.7,25217.0,25187.5,25195.6,3057964
2025-10-13 13:55:00+05:30,25196.05,25200.75,25176.65,25185.65,3451220
2025-10-13 14:00:00+05:30,25184.85,25216.95,25183.85,25216.95,2706529
2025-10-13 14:05:00+05:30,25216.25,25222.4,25210.75,25218.75,2215433
2025-10-13 14:10:00+05:30,25218.35,25222.05,25206.9,25207.5,1844104
2025-10-13 14:15:00+05:30,25210.75,25217.45,25197.6,25205.4,2369014
2025-10-13 14:20:00+05:30,25204.9,25235.9,25195.55,25229.05,3017243
2025-10-13 14:25:00+05:30,25228.6,25267.3,25226.85,25251.4,5113703
2025-10-13 14:30:00+05:30,25251.1,25258.9,25247.3,25247.3,2859966
2025-10-13 14:35:00+05:30,25246.85,25257.2,25246.45,25247.7,2689118
2025-10-13 14:40:00+05:30,25247.65,25250.75,25228.55,25245.85,3050582
2025-10-13 14:45:00+05:30,25245.95,25252.75,25233.5,25237.0,2997781
2025-10-13 14:50:00+05:30,25237.35,25256.2,25232.25,25253.15,3826410
2025-10-13 14:55:00+05:30,25253.4,25256.55,25242.3,25249.2,3500208
2025-10-13 15:00:00+05:30,25250.3,25251.4,25215.25,25215.5,5617107
2025-10-13 15:05:00+05:30,25215.95,25226.6,25215.45,25222.5,7857544
2025-10-13 15:10:00+05:30,25222.25,25223.6,25217.9,25220.45,6506860
2025-10-13 15:15:00+05:30,25221.1,25230.25,25220.15,25227.7,7571233
2025-10-13 15:20:00+05:30,25227.95,25240.45,25222.75,25235.25,7265651
2025-10-13 15:25:00+05:30,25234.7,25246.25,25232.65,25237.15,6688889
2025-10-14 09:15:00+05:30,25277.55,25306.3,25255.4,25293.3,13654298
2025-10-14 09:20:00+05:30,25290.75,25310.35,25285.15,25301.75,6396243
2025-10-14 09:25:00+05:30,25300.7,25301.95,25283.0,25292.2,5111591
2025-10-14 09:30:00+05:30,25291.8,25298.05,25281.65,25283.5,4285021
2025-10-14 09:35:00+05:30,25285.75,25293.5,25248.15,25248.35,2902162
2025-10-14 09:40:00+05:30,25249.45,25263.8,25235.15,25236.85,2783618
2025-10-14 09:45:00+05:30,25236.7,25246.85,25222.25,25234.45,2639747
2025-10-14 09:50:00+05:30,25234.55,25238.8,25221.65,25224.4,2851044
2025-10-14 09:55:00+05:30,25224.3,25225.3,25203.3,25207.55,2390991
2025-10-14 10:00:00+05:30,25206.1,25229.45,25185.3,25194.7,7743244
2025-10-14 10:05:00+05:30,25194.25,25196.05,25176.25,25195.0,3980263
2025-10-14 10:10:00+05:30,25195.45,25205.1,25188.9,25196.7,4403895
2025-10-14 10:15:00+05:30,25196.65,25202.05,25173.1,25181.6,2824033
2025-10-14 10:20:00+05:30,25181.3,25194.2,25164.75,25194.2,3452897
2025-10-14 10:25:00+05:30,25194.7,25213.0,25191.15,25210.45,5197457
2025-10-14 10:30:00+05:30,25210.3,25218.35,25201.25,25214.95,5100972
2025-10-14 10:35:00+05:30,25214.8,25217.7,25204.1,25213.2,6082953
2025-10-14 10:40:00+05:30,25213.95,25224.1,25194.55,25219.05,5758608
2025-10-14 10:45:00+05:30,25218.25,25240.25,25210.3,25211.5,3909111
2025-10-14 10:50:00+05:30,25212.6,25212.7,25200.55,25204.95,3703952
2025-10-14 10:55:00+05:30,25204.7,25212.4,25200.05,25201.65,3288902
2025-10-14 11:00:00+05:30,25201.7,25203.05,25184.7,25192.3,3754071
2025-10-14 11:05:00+05:30,25192.2,25200.9,25166.25,25173.15,3161774
2025-10-14 11:10:00+05:30,25173.35,25176.65,25159.3,25174.0,2945581
2025-10-14 11:15:00+05:30,25173.65,25173.95,25137.75,25140.8,3769059
2025-10-14 11:20:00+05:30,25141.4,25148.45,25129.35,25132.05,4558336
2025-10-14 11:25:00+05:30,25132.0,25141.55,25115.55,25141.55,4003641
2025-10-14 11:30:00+05:30,25140.85,25141.05,25122.5,25136.1,2918020
2025-10-14 11:35:00+05:30,25138.25,25148.7,25133.75,25148.4,2849361
2025-10-14 11:40:00+05:30,25148.5,25157.8,25139.85,25144.85,2420550
2025-10-14 11:45:00+05:30,25144.15,25145.45,25128.8,25141.2,2484145
2025-10-14 11:50:00+05:30,25140.5,25153.1,25136.4,25152.4,1834455
2025-10-14 11:55:00+05:30,25152.85,25162.55,25145.0,25155.5,1795489
2025-10-14 12:00:00+05:30,25155.55,25169.2,25151.25,25155.65,3904491
2025-10-14 12:05:00+05:30,25156.8,25156.8,25109.15,25116.15,4760251
2025-10-14 12:10:00+05:30,25115.4,25118.75,25101.7,25118.35,2448341
2025-10-14 12:15:00+05:30,25118.45,25127.7,25111.15,25121.7,2015835
2025-10-14 12:20:00+05:30,25122.7,25128.5,25111.7,25126.35,2086999
2025-10-14 12:25:00+05:30,25125.15,25125.2,25089.35,25090.35,2706953
2025-10-14 12:30:00+05:30,25090.45,25107.0,25084.55,25104.7,2303504
2025-10-14 12:35:00+05:30,25105.9,25110.85,25076.25,25077.0,3458361
2025-10-14 12:40:00+05:30,25076.4,25088.7,25060.55,25066.3,3964761
2025-10-14 12:45:00+05:30,25067.15,25090.15,25062.65,25086.6,1885418
2025-10-14 12:50:00+05:30,25087.55,25095.25,25083.85,25089.95,1385515
2025-10-14 12:55:00+05:30,25090.35,25104.45,25088.5,25098.1,1731595
2025-10-14 13:00:00+05:30,25098.6,25107.7,25078.9,25094.0,2466588
2025-10-14 13:05:00+05:30,25094.1,25106.2,25066.6,25074.9,2394723
2025-10-14 13:10:00+05:30,25075.05,25092.25,25065.65,25084.05,2824940
2025-10-14 13:15:00+05:30,25084.55,25087.95,25079.7,25084.95,1599672
2025-10-14 13:20:00+05:30,25086.25,25096.6,25079.55,25096.45,1870374
2025-10-14 13:25:00+05:30,25096.65,25100.9,25091.7,25100.9,2165896
2025-10-14 13:30:00+05:30,25100.5,25129.45,25100.25,25129.45,3064702
2025-10-14 13:35:00+05:30,25128.85,25137.95,25107.0,25122.7,4084033
2025-10-14 13:40:00+05:30,25122.35,25135.45,25120.4,25121.8,2198571
2025-10-14 13:45:00+05:30,25120.95,25137.9,25098.7,25128.85,4512884
2025-10-14 13:50:00+05:30,25128.9,25128.95,25106.45,25108.4,3387175
2025-10-14 13:55:00+05:30,25108.2,25126.25,25105.75,25123.05,2509075
2025-10-14 14:00:00+05:30,25122.0,25129.25,25111.6,25129.25,2697442
2025-10-14 14:05:00+05:30,25130.5,25135.1,25119.3,25126.45,2412697
2025-10-14 14:10:00+05:30,25124.95,25126.8,25095.05,25122.75,5087752
2025-10-14 14:15:00+05:30,25123.0,25136.7,25099.2,25106.3,3899769
2025-10-14 14:20:00+05:30,25106.9,25149.1,25103.05,25149.1,3511000
2025-10-14 14:25:00+05:30,25148.4,25155.45,25138.85,25145.3,3885362
2025-10-14 14:30:00+05:30,25145.05,25172.25,25145.05,25168.9,2798228
2025-10-14 14:35:00+05:30,25168.55,25197.45,25165.2,25169.25,6324658
2025-10-14 14:40:00+05:30,25170.0,25185.95,25159.85,25178.65,4210838
2025-10-14 14:45:00+05:30,25177.65,25192.9,25134.75,25163.8,5392135
2025-10-14 14:50:00+05:30,25162.6,25173.8,25157.35,25173.65,3165988
2025-10-14 14:55:00+05:30,25173.6,25180.85,25153.15,25177.5,3763697
2025-10-14 15:00:00+05:30,25177.1,25177.9,25148.4,25150.55,6514695
2025-10-14 15:05:00+05:30,25150.55,25165.25,25143.15,25150.3,8002302
2025-10-14 15:10:00+05:30,25149.85,25150.0,25135.35,25144.8,6294056
2025-10-14 15:15:00+05:30,25145.25,25161.4,25135.45,25144.45,8803676
2025-10-14 15:20:00+05:30,25144.45,25145.55,25124.5,25126.85,8101519
2025-10-14 15:25:00+05:30,25126.1,25129.45,25112.7,25123.35,6030384
2025-10-15 09:15:00+05:30,25181.95,25249.15,25159.35,25239.95,12898420
2025-10-15 09:20:00+05:30,25242.0,25255.05,25231.45,25242.55,7158243
2025-10-15 09:25:00+05:30,25243.2,25257.25,25239.65,25252.65,5603967
2025-10-15 09:30:00+05:30,25253.3,25267.95,25253.3,25253.5,5279793
2025-10-15 09:35:00+05:30,25253.65,25255.1,25222.0,25223.4,4173049
2025-10-15 09:40:00+05:30,25223.3,25231.4,25215.1,25224.7,3492066
2025-10-15 09:45:00+05:30,25225.9,25239.2,25219.5,25221.65,2984786
2025-10-15 09:50:00+05:30,25222.35,25223.2,25209.1,25222.8,2919385
2025-10-15 09:55:00+05:30,25222.5,25229.35,25215.15,25216.55,2860780
2025-10-15 10:00:00+05:30,25214.95,25226.35,25212.35,25216.1,2589729
2025-10-15 10:05:00+05:30,25215.75,25231.2,25213.65,25229.9,2392432
2025-10-15 10:10:00+05:30,25229.6,25252.45,25229.3,25251.25,2347248
2025-10-15 10:15:00+05:30,25250.55,25260.75,25250.45,25252.7,2735294
2025-10-15 10:20:00+05:30,25254.2,25276.75,25250.05,25272.95,2841974
2025-10-15 10:25:00+05:30,25273.85,25279.45,25269.6,25273.65,2146499
2025-10-15 10:30:00+05:30,25274.9,25291.15,25273.75,25289.8,3621860
2025-10-15 10:35:00+05:30,25290.45,25293.6,25285.7,25289.25,3061167
2025-10-15 10:40:00+05:30,25288.85,25300.55,25288.1,25292.05,4273046
2025-10-15 10:45:00+05:30,25292.1,25292.6,25278.7,25282.95,3293436
2025-10-15 10:50:00+05:30,25282.9,25308.5,25276.75,25305.35,5433837
2025-10-15 10:55:00+05:30,25306.2,25317.85,25296.4,25315.95,4103968
2025-10-15 11:00:00+05:30,25317.1,25326.45,25298.35,25301.7,5202664
2025-10-15 11:05:00+05:30,25302.05,25302.8,25289.05,25294.1,2192167
2025-10-15 11:10:00+05:30,25293.9,25296.65,25287.0,25292.6,2561287
2025-10-15 11:15:00+05:30,25292.25,25295.4,25288.8,25292.4,2623898
2025-10-15 11:20:00+05:30,25292.7,25303.65,25290.3,25303.65,2539134
2025-10-15 11:25:00+05:30,25303.05,25322.9,25299.85,25319.25,2955842
2025-10-15 11:30:00+05:30,25319.7,25320.75,25305.65,25307.15,1375822
2025-10-15 11:35:00+05:30,25306.9,25309.55,25295.0,25304.15,2274841
2025-10-15 11:40:00+05:30,25304.25,25311.0,25301.75,25304.85,2037969
2025-10-15 11:45:00+05:30,25304.2,25305.1,25291.1,25296.8,2085889
2025-10-15 11:50:00+05:30,25297.3,25306.75,25294.3,25304.55,2552924
2025-10-15 11:55:00+05:30,25304.45,25315.65,25303.1,25306.95,2249001
2025-10-15 12:00:00+05:30,25307.8,25312.8,25292.05,25292.3,2090909
2025-10-15 12:05:00+05:30,25293.35,25312.45,25288.85,25302.85,2670941
2025-10-15 12:10:00+05:30,25302.55,25303.65,25288.25,25288.25,2808264
2025-10-15 12:15:00+05:30,25289.3,25305.45,25286.9,25294.9,3225830
2025-10-15 12:20:00+05:30,25294.95,25296.9,25282.7,25294.75,3068609
2025-10-15 12:25:00+05:30,25296.45,25310.45,25290.4,25307.0,3486046
2025-10-15 12:30:00+05:30,25307.35,25313.45,25303.45,25309.8,2037942
2025-10-15 12:35:00+05:30,25309.8,25310.55,25301.1,25308.65,2002047
2025-10-15 12:40:00+05:30,25307.3,25321.5,25305.6,25319.85,2052396
2025-10-15 12:45:00+05:30,25319.7,25322.8,25307.0,25312.0,2310458
2025-10-15 12:50:00+05:30,25312.0,25328.9,25312.0,25327.45,2353046
2025-10-15 12:55:00+05:30,25328.75,25331.9,25323.15,25331.05,2544894
2025-10-15 13:00:00+05:30,25331.35,25336.0,25327.7,25331.8,2097146
2025-10-15 13:05:00+05:30,25332.2,25336.15,25328.6,25331.2,1970907
2025-10-15 13:10:00+05:30,25333.15,25333.8,25324.7,25325.5,2039474
2025-10-15 13:15:00+05:30,25326.9,25349.7,25324.95,25344.85,2524602
2025-10-15 13:20:00+05:30,25346.2,25353.9,25338.4,25343.0,2738750
2025-10-15 13:25:00+05:30,25343.2,25362.35,25337.85,25349.0,3895377
2025-10-15 13:30:00+05:30,25350.3,25361.05,25348.55,25360.45,1852788
2025-10-15 13:35:00+05:30,25360.85,25365.15,25352.45,25353.9,2750325
2025-10-15 13:40:00+05:30,25353.1,25355.15,25347.0,25350.25,2376977
2025-10-15 13:45:00+05:30,25350.8,25356.95,25345.55,25346.7,2757817
2025-10-15 13:50:00+05:30,25346.55,25352.4,25341.5,25342.4,2593954
2025-10-15 13:55:00+05:30,25342.25,25346.1,25332.2,25334.7,2407260
2025-10-15 14:00:00+05:30,25335.15,25338.45,25322.85,25323.8,2886085
2025-10-15 14:05:00+05:30,25325.2,25338.6,25311.9,25330.6,3786555
2025-10-15 14:10:00+05:30,25331.25,25335.3,25317.65,25326.9,2628500
2025-10-15 14:15:00+05:30,25328.25,25332.8,25312.45,25330.8,2905517
2025-10-15 14:20:00+05:30,25329.65,25332.4,25318.25,25325.8,4465987
2025-10-15 14:25:00+05:30,25326.2,25336.4,25323.5,25333.75,2243013
2025-10-15 14:30:00+05:30,25333.85,25336.95,25318.95,25331.85,3712819
2025-10-15 14:35:00+05:30,25333.05,25337.95,25323.75,25324.35,3782771
2025-10-15 14:40:00+05:30,25325.8,25336.85,25322.65,25330.5,3449411
2025-10-15 14:45:00+05:30,25331.05,25333.95,25296.6,25298.85,3822994
2025-10-15 14:50:00+05:30,25298.0,25317.2,25287.1,25312.9,5496741
2025-10-15 14:55:00+05:30,25314.05,25318.2,25308.5,25316.0,3530953
2025-10-15 15:00:00+05:30,25314.85,25316.65,25303.65,25312.5,9392509
2025-10-15 15:05:00+05:30,25312.4,25319.35,25310.1,25316.2,8910236
2025-10-15 15:10:00+05:30,25315.6,25330.0,25313.45,25327.95,11344804
2025-10-15 15:15:00+05:30,25328.2,25331.8,25324.75,25328.9,13493923
2025-10-15 15:20:00+05:30,25329.25,25334.7,25325.2,25333.15,12732624
2025-10-15 15:25:00+05:30,25332.95,25336.65,25323.85,25327.75,10894774
2025-10-16 09:15:00+05:30,25394.9,25425.7,25376.85,25412.15,17249544
2025-10-16 09:20:00+05:30,25412.5,25427.55,25401.65,25413.6,7954910
2025-10-16 09:25:00+05:30,25412.8,25430.3,25405.7,25424.2,6880375
2025-10-16 09:30:00+05:30,25424.75,25437.45,25420.8,25433.35,6124718
2025-10-16 09:35:00+05:30,25433.0,25440.95,25412.55,25413.8,5784885
2025-10-16 09:40:00+05:30,25413.8,25431.45,25412.0,25431.4,4191879
2025-10-16 09:45:00+05:30,25431.05,25441.25,25430.7,25437.85,3483699
2025-10-16 09:50:00+05:30,25438.25,25452.1,25431.85,25451.15,5683410
2025-10-16 09:55:00+05:30,25451.25,25452.75,25433.65,25434.55,3437739
2025-10-16 10:00:00+05:30,25434.75,25445.75,25429.2,25443.95,3239415
2025-10-16 10:05:00+05:30,25443.7,25445.1,25434.75,25437.3,3090209
2025-10-16 10:10:00+05:30,25436.25,25437.6,25422.35,25423.45,2955347
2025-10-16 10:15:00+05:30,25423.65,25438.9,25417.55,25436.9,3521623
2025-10-16 10:20:00+05:30,25437.2,25450.3,25433.85,25449.5,3698414
2025-10-16 10:25:00+05:30,25449.9,25459.1,25447.35,25453.25,2934819
2025-10-16 10:30:00+05:30,25452.9,25460.75,25451.05,25454.8,3492492
2025-10-16 10:35:00+05:30,25454.55,25457.6,25450.55,25456.45,2439925
2025-10-16 10:40:00+05:30,25456.5,25461.3,25452.35,25458.95,3093980
2025-10-16 10:45:00+05:30,25459.15,25466.05,25457.3,25462.2,3879444
2025-10-16 10:50:00+05:30,25462.7,25464.4,25453.9,25458.4,2881874
2025-10-16 10:55:00+05:30,25458.55,25469.4,25455.8,25467.5,3141986
2025-10-16 11:00:00+05:30,25467.85,25472.65,25462.1,25463.55,3767329
2025-10-16 11:05:00+05:30,25464.6,25466.0,25459.45,25464.65,2626880
2025-10-16 11:10:00+05:30,25465.0,25469.95,25461.45,25462.25,3204324
2025-10-16 11:15:00+05:30,25461.75,25465.15,25459.1,25461.2,3156358
2025-10-16 11:20:00+05:30,25461.5,25462.4,25450.25,25451.0,2936617
2025-10-16 11:25:00+05:30,25450.75,25460.15,25450.0,25459.65,3000624
2025-10-16 11:30:00+05:30,25459.3,25468.45,25452.3,25454.5,2940019
2025-10-16 11:35:00+05:30,25454.7,25456.85,25450.95,25453.65,2698077
2025-10-16 11:40:00+05:30,25453.75,25454.6,25445.25,25447.1,2709028
2025-10-16 11:45:00+05:30,25447.0,25449.0,25442.0,25442.65,2785645
2025-10-16 11:50:00+05:30,25442.0,25463.8,25441.6,25461.0,4303608
2025-10-16 11:55:00+05:30,25460.55,25460.55,25448.3,25451.35,3542231
2025-10-16 12:00:00+05:30,25450.65,25466.75,25450.45,25458.65,3546439
2025-10-16 12:05:00+05:30,25458.5,25462.6,25450.85,25455.0,3841973
2025-10-16 12:10:00+05:30,25455.45,25478.15,25454.45,25477.0,2588085
2025-10-16 12:15:00+05:30,25476.9,25486.0,25475.9,25479.05,2568266
2025-10-16 12:20:00+05:30,25477.55,25494.15,25474.75,25490.45,3162351
2025-10-16 12:25:00+05:30,25491.0,25500.95,25489.3,25496.0,2635161
2025-10-16 12:30:00+05:30,25496.25,25508.4,25496.25,25507.25,3354168
2025-10-16 12:35:00+05:30,25507.4,25512.75,25500.95,25510.65,3110881
2025-10-16 12:40:00+05:30,25512.4,25516.7,25505.25,25506.65,3102599
2025-10-16 12:45:00+05:30,25507.1,25507.95,25493.35,25497.7,3659379
2025-10-16 12:50:00+05:30,25497.55,25517.55,25497.4,25515.8,3471218
2025-10-16 12:55:00+05:30,25515.65,25519.3,25500.15,25503.85,2583007
2025-10-16 13:00:00+05:30,25503.8,25522.9,25499.4,25515.7,3320644
2025-10-16 13:05:00+05:30,25515.45,25517.6,25508.65,25508.75,2767676
2025-10-16 13:10:00+05:30,25509.65,25525.8,25509.2,25524.0,2780337
2025-10-16 13:15:00+05:30,25523.8,25527.45,25504.1,25505.0,3225603
2025-10-16 13:20:00+05:30,25506.4,25524.05,25504.25,25517.6,4957553
2025-10-16 13:25:00+05:30,25517.75,25529.75,25516.25,25524.85,2670061
2025-10-16 13:30:00+05:30,25525.15,25533.3,25518.8,25530.6,3131869
2025-10-16 13:35:00+05:30,25530.85,25535.1,25524.8,25527.4,4713417
2025-10-16 13:40:00+05:30,25526.95,25543.85,25515.2,25539.5,5775953
2025-10-16 13:45:00+05:30,25539.2,25544.3,25536.35,25539.0,3637051
2025-10-16 13:50:00+05:30,25538.8,25541.15,25526.95,25529.2,3623183
2025-10-16 13:55:00+05:30,25531.3,25541.75,25524.5,25540.0,3241208
2025-10-16 14:00:00+05:30,25539.75,25559.0,25538.4,25553.85,4559006
2025-10-16 14:05:00+05:30,25557.0,25577.05,25550.05,25573.9,4432974
2025-10-16 14:10:00+05:30,25572.8,25575.35,25550.95,25551.85,4952897
2025-10-16 14:15:00+05:30,25552.65,25565.25,25552.6,25560.05,3302951
2025-10-16 14:20:00+05:30,25560.2,25589.55,25557.6,25589.0,4740030
2025-10-16 14:25:00+05:30,25588.0,25589.8,25574.5,25581.25,4671029
2025-10-16 14:30:00+05:30,25581.95,25598.95,25577.95,25595.6,4148895
2025-10-16 14:35:00+05:30,25594.8,25621.85,25594.05,25602.1,5531422
2025-10-16 14:40:00+05:30,25601.5,25610.75,25599.1,25607.85,4014941
2025-10-16 14:45:00+05:30,25608.75,25623.1,25585.9,25593.65,5532140
2025-10-16 14:50:00+05:30,25593.7,25613.1,25581.55,25608.1,10235428
2025-10-16 14:55:00+05:30,25608.05,25625.0,25597.2,25621.0,12458476
2025-10-16 15:00:00+05:30,25621.85,25625.4,25591.45,25599.4,20473019
2025-10-16 15:05:00+05:30,25599.1,25599.1,25575.0,25584.55,16010356
2025-10-16 15:10:00+05:30,25583.75,25590.15,25566.65,25568.55,13109693
2025-10-16 15:15:00+05:30,25567.8,25582.9,25565.9,25573.6,14712322
2025-10-16 15:20:00+05:30,25572.75,25578.05,25569.0,25574.8,10352811
2025-10-16 15:25:00+05:30,25574.65,25577.75,25566.1,25566.3,9712000
2025-10-17 09:15:00+05:30,25546.85,25565.65,25508.6,25554.05,25735247
2025-10-17 09:20:00+05:30,25553.2,25563.7,25537.3,25556.45,12915145
2025-10-17 09:25:00+05:30,25556.5,25604.65,25547.55,25604.4,11961812
2025-10-17 09:30:00+05:30,25604.55,25610.05,25596.25,25606.9,8793366
2025-10-17 09:35:00+05:30,25606.75,25619.0,25599.3,25615.9,8262682
2025-10-17 09:40:00+05:30,25616.7,25623.95,25603.2,25618.9,7219605
2025-10-17 09:45:00+05:30,25619.05,25620.85,25575.55,25576.3,6692681
2025-10-17 09:50:00+05:30,25576.25,25595.2,25562.55,25593.45,7834323
2025-10-17 09:55:00+05:30,25593.65,25611.85,25591.65,25603.2,3855937
2025-10-17 10:00:00+05:30,25603.35,25625.05,25603.15,25618.75,5918971
2025-10-17 10:05:00+05:30,25617.85,25660.25,25617.05,25659.85,4935618
2025-10-17 10:10:00+05:30,25658.75,25677.4,25658.0,25670.15,4574533
2025-10-17 10:15:00+05:30,25669.75,25685.25,25667.9,25671.4,5060598
2025-10-17 10:20:00+05:30,25672.75,25676.5,25665.1,25673.05,4614431
2025-10-17 10:25:00+05:30,25671.95,25679.95,25670.7,25676.1,4400334
2025-10-17 10:30:00+05:30,25677.1,25693.3,25674.65,25691.1,3826618
2025-10-17 10:35:00+05:30,25691.35,25699.05,25676.8,25683.1,4238891
2025-10-17 10:40:00+05:30,25683.5,25692.5,25678.05,25689.7,3248632
2025-10-17 10:45:00+05:30,25692.95,25701.1,25684.9,25691.6,3205619
2025-10-17 10:50:00+05:30,25690.25,25712.45,25685.05,25707.25,3583962
2025-10-17 10:55:00+05:30,25707.6,25729.15,25706.5,25727.75,3772405
2025-10-17 11:00:00+05:30,25727.7,25750.85,25727.5,25739.5,6391450
2025-10-17 11:05:00+05:30,25739.8,25745.95,25727.05,25743.55,4564730
2025-10-17 11:10:00+05:30,25744.25,25757.95,25743.65,25750.65,5060999
2025-10-17 11:15:00+05:30,25751.05,25759.7,25749.45,25754.0,3755604
2025-10-17 11:20:00+05:30,25754.45,25760.2,25744.25,25753.0,5473056
2025-10-17 11:25:00+05:30,25753.25,25771.75,25750.55,25766.4,3722630
2025-10-17 11:30:00+05:30,25767.65,25774.6,25760.7,25769.2,4212245
2025-10-17 11:35:00+05:30,25770.2,25776.75,25759.35,25763.3,4183023
2025-10-17 11:40:00+05:30,25763.7,25764.7,25730.8,25743.35,5937072
2025-10-17 11:45:00+05:30,25742.05,25754.1,25728.5,25753.5,4255945
2025-10-17 11:50:00+05:30,25752.9,25752.9,25710.4,25741.55,5020715
2025-10-17 11:55:00+05:30,25741.05,25756.9,25730.5,25754.85,3938072
2025-10-17 12:00:00+05:30,25754.75,25761.35,25746.35,25759.6,2958437
2025-10-17 12:05:00+05:30,25761.55,25761.55,25750.25,25757.7,2953827
2025-10-17 12:10:00+05:30,25759.7,25768.65,25757.2,25760.6,3150504
2025-10-17 12:15:00+05:30,25763.95,25768.5,25738.7,25766.9,4271784
2025-10-17 12:20:00+05:30,25769.2,25774.75,25756.35,25774.45,3281136
2025-10-17 12:25:00+05:30,25775.45,25781.5,25769.25,25776.75,2267980
2025-10-17 12:30:00+05:30,25778.4,25778.55,25770.8,25774.1,3031173
2025-10-17 12:35:00+05:30,25775.55,25775.55,25756.45,25760.25,2683367
2025-10-17 12:40:00+05:30,25762.55,25766.3,25750.5,25756.4,3583738
2025-10-17 12:45:00+05:30,25757.65,25770.4,25719.15,25738.2,5630908
2025-10-17 12:50:00+05:30,25740.75,25740.75,25685.85,25698.45,5343329
2025-10-17 12:55:00+05:30,25700.9,25708.15,25684.75,25701.2,4464749
2025-10-17 13:00:00+05:30,25703.45,25716.25,25672.2,25674.85,5022402
2025-10-17 13:05:00+05:30,25675.85,25682.1,25652.8,25666.85,5804355
2025-10-17 13:10:00+05:30,25668.6,25687.9,25656.3,25668.75,8562725
2025-10-17 13:15:00+05:30,25670.25,25689.4,25663.65,25672.05,6095077
2025-10-17 13:20:00+05:30,25673.9,25698.5,25671.75,25688.15,4270114
2025-10-17 13:25:00+05:30,25689.65,25705.2,25676.8,25677.35,5209026
2025-10-17 13:30:00+05:30,25682.05,25684.2,25647.35,25650.7,4203814
2025-10-17 13:35:00+05:30,25652.1,25652.1,25620.45,25642.6,5455511
2025-10-17 13:40:00+05:30,25643.05,25675.15,25640.45,25663.2,6690584
2025-10-17 13:45:00+05:30,25664.55,25664.55,25642.65,25652.6,3579026
2025-10-17 13:50:00+05:30,25654.55,25657.6,25632.85,25642.6,3954886
2025-10-17 13:55:00+05:30,25644.5,25675.85,25637.65,25673.9,3477316
2025-10-17 14:00:00+05:30,25677.4,25679.05,25658.6,25674.0,3403545
2025-10-17 14:05:00+05:30,25675.55,25688.0,25666.7,25686.55,3539061
2025-10-17 14:10:00+05:30,25688.35,25709.1,25677.05,25682.1,4301112
2025-10-17 14:15:00+05:30,25683.95,25705.85,25658.25,25699.3,3817112
2025-10-17 14:20:00+05:30,25701.15,25715.5,25694.2,25710.25,4207561
2025-10-17 14:25:00+05:30,25711.85,25721.0,25679.5,25679.5,5613736
2025-10-17 14:30:00+05:30,25683.0,25707.2,25672.3,25705.45,3558231
2025-10-17 14:35:00+05:30,25706.95,25739.0,25704.35,25729.45,5783138
2025-10-17 14:40:00+05:30,25732.25,25742.0,25718.2,25731.1,6766407
2025-10-17 14:45:00+05:30,25732.8,25751.7,25719.55,25723.4,5587328
2025-10-17 14:50:00+05:30,25724.95,25733.95,25702.15,25729.15,6775193
2025-10-17 14:55:00+05:30,25731.35,25735.85,25721.6,25725.1,4312633
2025-10-17 15:00:00+05:30,25725.95,25725.95,25704.85,25710.65,6250925
2025-10-17 15:05:00+05:30,25712.15,25724.45,25710.0,25713.5,7465501
2025-10-17 15:10:00+05:30,25713.8,25713.8,25698.55,25708.35,9688332
2025-10-17 15:15:00+05:30,25708.3,25716.85,25703.4,25711.5,10559796
2025-10-17 15:20:00+05:30,25711.5,25717.35,25702.1,25703.9,10922053
2025-10-17 15:25:00+05:30,25703.4,25707.6,25696.0,25704.7,8980271
2025-10-20 09:15:00+05:30,25824.6,25918.15,25809.6,25902.8,21341522
2025-10-20 09:20:00+05:30,25903.25,25926.2,25859.15,25859.15,8738166
2025-10-20 09:25:00+05:30,25859.95,25880.45,25829.1,25878.65,6461909
2025-10-20 09:30:00+05:30,25879.4,25895.3,25865.45,25872.7,5414947
2025-10-20 09:35:00+05:30,25872.6,25882.3,25838.15,25852.3,6191522
2025-10-20 09:40:00+05:30,25851.9,25870.15,25835.0,25840.9,4850691
2025-10-20 09:45:00+05:30,25840.55,25845.7,25788.5,25820.2,4152306
2025-10-20 09:50:00+05:30,25820.15,25820.65,25797.75,25809.35,3436927
2025-10-20 09:55:00+05:30,25809.35,25834.75,25791.55,25808.55,3341189
2025-10-20 10:00:00+05:30,25806.85,25839.95,25795.9,25834.15,4683635
2025-10-20 10:05:00+05:30,25833.55,25852.3,25819.2,25838.45,3185852
2025-10-20 10:10:00+05:30,25838.45,25858.65,25835.35,25856.55,2597664
2025-10-20 10:15:00+05:30,25859.2,25862.45,25833.7,25843.55,3686031
2025-10-20 10:20:00+05:30,25844.05,25851.45,25831.6,25851.05,3515024
2025-10-20 10:25:00+05:30,25851.45,25854.25,25826.5,25832.9,2297741
2025-10-20 10:30:00+05:30,25832.05,25838.65,25816.35,25837.75,2300704
2025-10-20 10:35:00+05:30,25836.9,25860.3,25833.15,25857.3,2402478
2025-10-20 10:40:00+05:30,25857.3,25867.2,25847.05,25862.75,4154380
2025-10-20 10:45:00+05:30,25863.0,25885.35,25862.15,25883.85,3791906
2025-10-20 10:50:00+05:30,25883.05,25887.85,25876.9,25879.6,4250008
2025-10-20 10:55:00+05:30,25879.3,25886.75,25861.3,25881.0,3978086
2025-10-20 11:00:00+05:30,25879.4,25892.95,25869.0,25875.7,3912281
2025-10-20 11:05:00+05:30,25876.0,25881.3,25868.05,25877.1,3609764
2025-10-20 11:10:00+05:30,25877.15,25880.5,25866.15,25873.8,3281649
2025-10-20 11:15:00+05:30,25874.9,25878.25,25841.75,25846.2,2985774
2025-10-20 11:20:00+05:30,25847.2,25855.5,25838.3,25847.7,2912438
2025-10-20 11:25:00+05:30,25848.4,25857.8,25828.9,25854.9,3561474
2025-10-20 11:30:00+05:30,25855.4,25860.7,25834.3,25850.95,2830037
2025-10-20 11:35:00+05:30,25850.55,25855.9,25844.15,25847.95,2762428
2025-10-20 11:40:00+05:30,25849.65,25857.95,25822.35,25842.5,3799838
2025-10-20 11:45:00+05:30,25843.0,25848.05,25829.3,25844.1,2360322
2025-10-20 11:50:00+05:30,25843.75,25849.8,25835.1,25842.05,2433979
2025-10-20 11:55:00+05:30,25841.85,25847.0,25831.95,25843.35,2324142
2025-10-20 12:00:00+05:30,25844.05,25855.25,25839.45,25845.9,2798736
2025-10-20 12:05:00+05:30,25845.5,25853.45,25838.05,25849.5,3279596
2025-10-20 12:10:00+05:30,25849.7,25856.2,25849.05,25855.25,2504328
2025-10-20 12:15:00+05:30,25854.55,25860.7,25847.95,25849.15,2436778
2025-10-20 12:20:00+05:30,25848.75,25852.75,25838.45,25842.65,2305498
2025-10-20 12:25:00+05:30,25842.0,25856.0,25833.85,25849.0,3810741
2025-10-20 12:30:00+05:30,25847.85,25860.1,25840.95,25860.1,2755974
2025-10-20 12:35:00+05:30,25859.05,25864.1,25848.75,25857.65,3695904
2025-10-20 12:40:00+05:30,25857.95,25875.6,25854.3,25868.7,2581562
2025-10-20 12:45:00+05:30,25867.85,25872.85,25862.55,25868.3,3263239
2025-10-20 12:50:00+05:30,25870.65,25882.15,25868.85,25877.55,2961756
2025-10-20 12:55:00+05:30,25879.05,25889.15,25874.3,25885.35,2815311
2025-10-20 13:00:00+05:30,25885.2,25907.55,25882.55,25904.05,3667825
2025-10-20 13:05:00+05:30,25906.45,25910.25,25890.4,25895.45,3157739
2025-10-20 13:10:00+05:30,25895.4,25902.45,25888.8,25898.4,3033803
2025-10-20 13:15:00+05:30,25897.9,25901.5,25874.9,25886.4,2541812
2025-10-20 13:20:00+05:30,25885.8,25891.05,25879.65,25890.4,2196534
2025-10-20 13:25:00+05:30,25890.35,25893.85,25872.65,25888.15,2748280
2025-10-20 13:30:00+05:30,25888.55,25895.8,25881.6,25883.55,2303164
2025-10-20 13:35:00+05:30,25883.4,25887.2,25874.35,25884.8,2539505
2025-10-20 13:40:00+05:30,25884.75,25888.75,25870.05,25876.7,2071239
2025-10-20 13:45:00+05:30,25876.5,25885.0,25852.45,25854.2,6530225
2025-10-20 13:50:00+05:30,25853.55,25868.5,25837.65,25856.5,4227870
2025-10-20 13:55:00+05:30,25857.45,25865.95,25849.6,25854.4,2418509
2025-10-20 14:00:00+05:30,25854.15,25861.7,25846.4,25849.25,1979854
2025-10-20 14:05:00+05:30,25849.0,25860.3,25841.7,25845.95,2494795
2025-10-20 14:10:00+05:30,25845.55,25861.1,25843.3,25861.05,2991339
2025-10-20 14:15:00+05:30,25860.5,25884.15,25839.15,25844.05,4739407
2025-10-20 14:20:00+05:30,25844.05,25854.75,25827.2,25830.85,3159746
2025-10-20 14:25:00+05:30,25829.9,25834.45,25806.75,25817.15,3782656
2025-10-20 14:30:00+05:30,25817.1,25836.05,25805.8,25833.9,5392394
2025-10-20 14:35:00+05:30,25833.9,25835.95,25808.1,25815.55,3841845
2025-10-20 14:40:00+05:30,25815.4,25824.55,25812.45,25817.35,2771173
2025-10-20 14:45:00+05:30,25816.8,25833.35,25796.75,25830.55,4597087
2025-10-20 14:50:00+05:30,25830.55,25831.85,25811.0,25818.0,3800038
2025-10-20 14:55:00+05:30,25818.1,25837.1,25814.0,25821.65,3303796
2025-10-20 15:00:00+05:30,25822.85,25837.2,25814.2,25821.05,6467576
2025-10-20 15:05:00+05:30,25819.5,25850.1,25819.5,25850.1,7830406
2025-10-20 15:10:00+05:30,25848.55,25859.65,25838.65,25846.3,8322098
2025-10-20 15:15:00+05:30,25845.15,25860.05,25839.55,25841.5,9730077
2025-10-20 15:20:00+05:30,25841.25,25861.6,25839.55,25849.5,8645174
2025-10-20 15:25:00+05:30,25850.0,25854.1,25845.85,25850.7,7454604
2025-10-21 13:45:00+05:30,25901.2,25934.35,25887.95,25903.25,7595742
2025-10-21 13:50:00+05:30,25902.95,25910.65,25873.55,25901.15,4592962
2025-10-21 13:55:00+05:30,25901.8,25908.0,25890.15,25893.65,3814630
2025-10-21 14:00:00+05:30,25893.85,25897.8,25878.85,25895.75,3212794
2025-10-21 14:05:00+05:30,25894.85,25899.4,25888.95,25893.35,3157286
2025-10-21 14:10:00+05:30,25893.15,25900.85,25889.5,25896.9,2122286
2025-10-21 14:15:00+05:30,25897.0,25908.1,25893.55,25895.85,2512433
2025-10-21 14:20:00+05:30,25896.15,25898.05,25880.85,25886.35,2719661
2025-10-21 14:25:00+05:30,25886.5,25887.8,25872.45,25874.75,2388317
2025-10-21 14:30:00+05:30,25874.1,25874.1,25849.6,25865.95,4089637
2025-10-21 14:35:00+05:30,25863.85,25865.9,25835.95,25841.4,3351544
2025-10-21 14:40:00+05:30,25841.25,25845.15,25826.3,25833.3,1971435
2025-10-21 14:45:00+05:30,25833.3,25833.3,25833.3,25833.3,0
2025-10-23 09:15:00+05:30,26057.2,26066.9,25993.05,26003.75,23955391
2025-10-23 09:20:00+05:30,26003.2,26031.65,25991.7,26028.55,12131588
2025-10-23 09:25:00+05:30,26029.3,26056.6,26026.35,26053.1,10181405
2025-10-23 09:30:00+05:30,26055.25,26085.7,26050.5,26078.3,8900421
2025-10-23 09:35:00+05:30,26077.2,26095.7,26073.4,26080.25,10461657
2025-10-23 09:40:00+05:30,26080.2,26088.65,26070.15,26074.3,6541777
2025-10-23 09:45:00+05:30,26073.85,26084.45,26070.55,26072.95,4634477
2025-10-23 09:50:00+05:30,26072.5,26080.45,26054.5,26063.75,4444102
2025-10-23 09:55:00+05:30,26062.85,26064.5,26040.3,26058.9,7336600
2025-10-23 10:00:00+05:30,26058.4,26077.3,26058.4,26074.85,5692003
2025-10-23 10:05:00+05:30,26075.25,26091.45,26074.25,26088.65,4969948
2025-10-23 10:10:00+05:30,26088.65,26097.1,26086.05,26095.9,4278691
2025-10-23 10:15:00+05:30,26095.65,26099.7,26086.25,26089.3,5119956
2025-10-23 10:20:00+05:30,26089.25,26092.65,26074.4,26079.05,4959394
2025-10-23 10:25:00+05:30,26078.7,26089.75,26073.4,26073.4,3734349
2025-10-23 10:30:00+05:30,26072.8,26076.35,26066.6,26067.0,4992501
2025-10-23 10:35:00+05:30,26068.45,26082.5,26058.9,26080.55,5774512
2025-10-23 10:40:00+05:30,26079.6,26085.5,26066.85,26071.4,6191323
2025-10-23 10:45:00+05:30,26071.65,26072.0,26050.8,26053.9,4061616
2025-10-23 10:50:00+05:30,26053.3,26057.9,26047.6,26053.2,3864811
2025-10-23 10:55:00+05:30,26053.5,26065.45,26048.3,26063.4,3479045
2025-10-23 11:00:00+05:30,26064.1,26077.25,26059.7,26059.7,5188874
2025-10-23 11:05:00+05:30,26059.9,26064.2,26044.8,26047.3,4072948
2025-10-23 11:10:00+05:30,26048.15,26058.55,26044.0,26058.0,4661801
2025-10-23 11:15:00+05:30,26057.05,26059.25,26046.6,26054.15,4522873
2025-10-23 11:20:00+05:30,26055.0,26061.1,26051.1,26055.65,4550565
2025-10-23 11:25:00+05:30,26056.9,26064.2,26042.9,26047.0,6670965
2025-10-23 11:30:00+05:30,26047.2,26055.45,26041.9,26047.9,5740131
2025-10-23 11:35:00+05:30,26050.65,26056.65,26047.65,26049.6,4176198
2025-10-23 11:40:00+05:30,26050.35,26061.85,26047.65,26056.55,6176640
2025-10-23 11:45:00+05:30,26056.4,26069.7,26056.35,26068.55,3715444
2025-10-23 11:50:00+05:30,26066.8,26078.4,26064.3,26073.65,4222242
2025-10-23 11:55:00+05:30,26074.3,26084.5,26068.0,26082.55,3610055
2025-10-23 12:00:00+05:30,26083.3,26087.05,26069.8,26074.0,3817645
2025-10-23 12:05:00+05:30,26072.5,26076.85,26062.3,26072.5,4628177
2025-10-23 12:10:00+05:30,26073.4,26085.95,26071.0,26077.1,4788004
2025-10-23 12:15:00+05:30,26076.65,26082.95,26071.55,26073.35,3650895
2025-10-23 12:20:00+05:30,26073.95,26094.05,26069.25,26084.7,5025859
2025-10-23 12:25:00+05:30,26083.45,26090.85,26075.65,26086.15,3265062
2025-10-23 12:30:00+05:30,26086.55,26093.75,26085.1,26090.4,3471233
2025-10-23 12:35:00+05:30,26091.45,26096.45,26083.65,26093.7,3136634
2025-10-23 12:40:00+05:30,26094.85,26097.3,26081.75,26088.15,5405507
2025-10-23 12:45:00+05:30,26089.35,26104.2,26070.8,26078.15,5544484
2025-10-23 12:50:00+05:30,26078.05,26092.7,26070.15,26076.25,3692575
2025-10-23 12:55:00+05:30,26075.8,26080.05,26056.35,26057.4,3776763
2025-10-23 13:00:00+05:30,26058.1,26058.85,26046.65,26048.45,3588379
2025-10-23 13:05:00+05:30,26048.95,26061.9,26038.45,26050.3,6574602
2025-10-23 13:10:00+05:30,26050.05,26067.65,26042.9,26059.6,6533532
2025-10-23 13:15:00+05:30,26059.05,26076.05,26057.55,26075.95,3608819
2025-10-23 13:20:00+05:30,26075.25,26079.3,26050.6,26052.55,4402669
2025-10-23 13:25:00+05:30,26052.0,26055.15,26043.85,26047.7,3639165
2025-10-23 13:30:00+05:30,26047.1,26052.5,26020.3,26021.55,4375272
2025-10-23 13:35:00+05:30,26020.65,26030.95,26004.15,26020.75,4862089
2025-10-23 13:40:00+05:30,26020.45,26039.9,26014.95,26026.5,3739392
2025-10-23 13:45:00+05:30,26025.9,26028.5,26016.4,26025.15,2608516
2025-10-23 13:50:00+05:30,26025.3,26036.6,26011.85,26014.5,3700660
2025-10-23 13:55:00+05:30,26014.65,26016.85,25987.3,25990.0,3820812
2025-10-23 14:00:00+05:30,25988.85,25990.65,25972.45,25985.2,3296605
2025-10-23 14:05:00+05:30,25983.75,25984.25,25968.5,25976.25,3567393
2025-10-23 14:10:00+05:30,25976.45,25978.1,25946.2,25958.55,5134672
2025-10-23 14:15:00+05:30,25958.2,25969.85,25949.95,25960.35,6508322
2025-10-23 14:20:00+05:30,25960.4,25960.4,25937.8,25946.95,3850804
2025-10-23 14:25:00+05:30,25946.15,25959.0,25925.75,25943.05,6405933
2025-10-23 14:30:00+05:30,25942.55,25948.5,25929.15,25939.05,4626679
2025-10-23 14:35:00+05:30,25939.05,25957.55,25930.0,25947.8,5513971
2025-10-23 14:40:00+05:30,25946.6,25992.45,25941.15,25980.95,6732843
2025-10-23 14:45:00+05:30,25981.6,25996.85,25977.0,25982.55,4727265
2025-10-23 14:50:00+05:30,25982.65,25983.05,25955.15,25967.5,5735883
2025-10-23 14:55:00+05:30,25966.8,25976.2,25946.9,25951.1,6092224
2025-10-23 15:00:00+05:30,25954.2,25954.55,25905.45,25907.55,12417021
2025-10-23 15:05:00+05:30,25907.3,25918.75,25879.5,25885.3,12730489
2025-10-23 15:10:00+05:30,25887.05,25887.05,25863.3,25865.35,13541365
2025-10-23 15:15:00+05:30,25864.5,25900.3,25862.45,25900.3,13890623
2025-10-23 15:20:00+05:30,25900.3,25900.3,25869.8,25872.8,13173890
2025-10-23 15:25:00+05:30,25870.75,25880.05,25866.25,25870.3,9784897
2025-10-24 09:15:00+05:30,25935.1,25944.15,25845.1,25850.8,13682835
2025-10-24 09:20:00+05:30,25851.15,25892.4,25840.3,25886.0,7395215
2025-10-24 09:25:00+05:30,25886.3,25893.3,25859.5,25886.4,6441037
2025-10-24 09:30:00+05:30,25885.85,25887.6,25864.5,25875.4,5571255
2025-10-24 09:35:00+05:30,25876.15,25914.7,25862.55,25914.3,4127594
2025-10-24 09:40:00+05:30,25914.3,25914.3,25883.45,25903.5,5573416
2025-10-24 09:45:00+05:30,25903.3,25904.15,25881.95,25883.2,3733059
2025-10-24 09:50:00+05:30,25883.75,25883.75,25864.1,25865.3,3287681
2025-10-24 09:55:00+05:30,25865.7,25894.0,25865.2,25893.1,3253260
2025-10-24 10:00:00+05:30,25893.2,25901.9,25884.7,25885.9,3303110
2025-10-24 10:05:00+05:30,25885.6,25902.65,25880.95,25901.3,3284869
2025-10-24 10:10:00+05:30,25900.9,25903.0,25873.85,25876.2,12636898
2025-10-24 10:15:00+05:30,25875.75,25875.75,25833.95,25834.4,6472930
2025-10-24 10:20:00+05:30,25834.9,25844.85,25824.75,25836.75,4114365
2025-10-24 10:25:00+05:30,25837.25,25843.25,25821.25,25826.95,2970719
2025-10-24 10:30:00+05:30,25826.65,25834.5,25816.1,25832.15,3627733
2025-10-24 10:35:00+05:30,25832.85,25840.1,25829.4,25830.35,3098510
2025-10-24 10:40:00+05:30,25830.45,25830.45,25811.05,25819.8,2423629
2025-10-24 10:45:00+05:30,25820.25,25827.9,25810.4,25826.5,2903432
2025-10-24 10:50:00+05:30,25826.55,25831.3,25820.0,25823.85,3383241
2025-10-24 10:55:00+05:30,25823.65,25825.5,25812.65,25825.05,2598505
2025-10-24 11:00:00+05:30,25824.6,25832.25,25815.75,25821.4,3530463
2025-10-24 11:05:00+05:30,25820.1,25829.8,25795.8,25811.05,4005355
2025-10-24 11:10:00+05:30,25812.05,25835.45,25800.65,25827.3,3683063
2025-10-24 11:15:00+05:30,25826.3,25829.15,25811.05,25816.35,1818613
2025-10-24 11:20:00+05:30,25816.45,25830.45,25811.15,25827.6,2366292
2025-10-24 11:25:00+05:30,25827.5,25827.5,25799.9,25801.85,3723548
2025-10-24 11:30:00+05:30,25801.35,25812.65,25783.75,25812.15,3706834
2025-10-24 11:35:00+05:30,25812.05,25824.75,25800.0,25812.75,2899163
2025-10-24 11:40:00+05:30,25812.8,25839.4,25811.55,25837.1,3559932
2025-10-24 11:45:00+05:30,25836.9,25847.2,25833.15,25833.45,2545410
2025-10-24 11:50:00+05:30,25833.55,25850.5,25831.7,25833.5,2280355
2025-10-24 11:55:00+05:30,25833.05,25838.85,25821.7,25821.8,2383068
2025-10-24 12:00:00+05:30,25821.15,25828.2,25815.1,25821.65,2237555
2025-10-24 12:05:00+05:30,25822.3,25852.45,25820.85,25852.0,2998130
2025-10-24 12:10:00+05:30,25851.15,25857.85,25845.1,25850.45,3070095
2025-10-24 12:15:00+05:30,25850.25,25852.65,25838.25,25840.25,1861677
2025-10-24 12:20:00+05:30,25840.3,25868.4,25837.9,25868.2,2652210
2025-10-24 12:25:00+05:30,25867.85,25874.7,25841.65,25843.55,3808965
2025-10-24 12:30:00+05:30,25843.4,25845.7,25831.4,25836.85,2207788
2025-10-24 12:35:00+05:30,25838.65,25852.9,25836.4,25851.9,2409233
2025-10-24 12:40:00+05:30,25851.5,25853.15,25827.0,25842.45,2768938
2025-10-24 12:45:00+05:30,25841.15,25845.7,25835.3,25835.95,2000920
2025-10-24 12:50:00+05:30,25835.05,25838.0,25814.55,25816.75,2194548
2025-10-24 12:55:00+05:30,25817.35,25821.5,25806.0,25810.7,2341551
2025-10-24 13:00:00+05:30,25810.75,25824.1,25807.8,25822.9,3478378
2025-10-24 13:05:00+05:30,25822.75,25825.75,25807.0,25817.45,2612324
2025-10-24 13:10:00+05:30,25816.7,25826.95,25814.0,25825.95,1872700
2025-10-24 13:15:00+05:30,25826.4,25831.1,25802.25,25810.5,3702459
2025-10-24 13:20:00+05:30,25810.5,25817.35,25789.45,25792.8,2111903
2025-10-24 13:25:00+05:30,25792.35,25797.9,25770.05,25771.5,2744730
2025-10-24 13:30:00+05:30,25771.0,25784.8,25755.9,25755.9,3702187
2025-10-24 13:35:00+05:30,25755.55,25774.1,25732.15,25736.0,4269723
2025-10-24 13:40:00+05:30,25736.45,25745.55,25721.6,25724.4,3232948
2025-10-24 13:45:00+05:30,25726.25,25737.5,25723.35,25730.0,3628619
2025-10-24 13:50:00+05:30,25730.15,25739.9,25718.2,25739.9,3200324
2025-10-24 13:55:00+05:30,25740.05,25747.25,25728.15,25739.6,3126984
2025-10-24 14:00:00+05:30,25739.45,25746.3,25733.75,25743.85,2579186
2025-10-24 14:05:00+05:30,25744.0,25753.15,25736.2,25744.7,2505581
2025-10-24 14:10:00+05:30,25744.6,25774.4,25744.55,25755.4,3287786
2025-10-24 14:15:00+05:30,25755.8,25773.3,25754.5,25763.5,2199550
2025-10-24 14:20:00+05:30,25763.05,25773.55,25749.55,25764.65,2478080
2025-10-24 14:25:00+05:30,25764.35,25779.7,25761.95,25775.6,2489683
2025-10-24 14:30:00+05:30,25776.35,25784.3,25757.2,25759.4,2565052
2025-10-24 14:35:00+05:30,25758.35,25774.05,25748.4,25750.55,2736902
2025-10-24 14:40:00+05:30,25749.8,25758.65,25747.9,25752.5,2714527
2025-10-24 14:45:00+05:30,25751.6,25763.0,25741.1,25747.0,2619264
2025-10-24 14:50:00+05:30,25747.55,25749.35,25737.95,25748.5,2809142
2025-10-24 14:55:00+05:30,25748.75,25752.15,25739.7,25744.1,2743099
2025-10-24 15:00:00+05:30,25745.45,25803.35,25745.45,25794.05,7809951
2025-10-24 15:05:00+05:30,25794.7,25806.05,25793.55,25804.8,5598614
2025-10-24 15:10:00+05:30,25806.35,25807.75,25787.9,25799.5,6731030
2025-10-24 15:15:00+05:30,25798.95,25805.6,25798.3,25804.95,7853944
2025-10-24 15:20:00+05:30,25804.65,25809.25,25791.75,25796.45,8681790
2025-10-24 15:25:00+05:30,25797.4,25804.7,25790.15,25797.45,6424220
